test-runner: no /dev/loop-control: XFS gates unavailable
..E.FEEEEEEEEEEEEEEEEE.E...EEEEEEEEEEEEs...E....                         [100%]
==================================== ERRORS ====================================
_ ERROR at setup of test_loopback_spellings_cannot_reach_a_worker_local_listener _

self = <envd_service.executors.sandlock.SandlockExecutor object at 0x7f20d0dafe00>
config = ExecConfig(cmd=['/bin/sh', '-c', '/bin/echo ok'], env={}, cwd='/tmp/tmpiq_pg0y8-ws', stdin_enabled=False, pty=False, rows=24, cols=80, max_file_size=None)

    async def start(self, config: ExecConfig) -> SandlockRunningProcess:
        """Exec ``config.cmd`` onto the long-lived instance (M4 D3).
    
        PTY commands use the fork-native ``ExecStdio.PTY`` (host-side master,
        resized through ``ExecProcess.resize``) instead of the removed
        in-sandbox bridge; everything else uses ``ExecStdio.PIPED``. Per-exec
        cwd/env/clean_env/bind_ports come from ``_exec_params``. A
        closed/dead failure from ``inst.exec`` -- the in-process FFI's typed
        ``InstanceClosedError``/``InstanceDeadError``, or a route-B slot's
        coded refusal (idle-15min/24h instance expiry surfaces at exec time,
        not construction) -- rebuilds the instance exactly once under the
        lifecycle lock and retries the exec; after an explicit
        ``close()``/shutdown the executor fails loudly
        instead of rebuilding.
        """
        if sandlock is None:
            raise unimplemented("Sandlock is not available on this platform")
        if self._closed:
            raise RuntimeError(
                "sandlock executor is shut down; refusing to start a command "
                "on a rebuilt instance"
            )
        # The normal exec path takes the lifecycle lock around instance
        # creation too, so a concurrent ``update_network`` serializes against
        # it exactly like any other ``_ensure_instance`` caller -- but a
        # route-B creation (spawn + readiness probe) runs off the loop.
        inst = await self._ensure_instance_async()
        if inst is None:
            raise unimplemented("Sandlock is not available on this platform")
        stdio = ExecStdio.PTY if config.pty else ExecStdio.PIPED
        resolved = self.resolve_cmd(config.cmd)
    
        async def _exec_once(target) -> object:
            return await asyncio.to_thread(
                target.exec,
                resolved,
                stdio,
                **self._exec_params(
                    config, bind_ports=self._bind_ports_for(config)
                ),
            )
    
        try:
>           proc = await _exec_once(inst)
                   ^^^^^^^^^^^^^^^^^^^^^^

envd_service/executors/sandlock.py:2813: 
_ _ _ _ _ _ _ _ _ _ _ _ _ _ _ _ _ _ _ _ _ _ _ _ _ _ _ _ _ _ _ _ _ _ _ _ _ _ _ _ 
envd_service/executors/sandlock.py:2803: in _exec_once
    return await asyncio.to_thread(
/usr/local/lib/python3.14/asyncio/threads.py:26: in to_thread
    return await loop.run_in_executor(None, func_call)
           ^^^^^^^^^^^^^^^^^^^^^^^^^^^^^^^^^^^^^^^^^^^
/usr/local/lib/python3.14/concurrent/futures/thread.py:86: in run
    result = ctx.run(self.task)
             ^^^^^^^^^^^^^^^^^^
/usr/local/lib/python3.14/concurrent/futures/thread.py:73: in run
    return fn(*args, **kwargs)
           ^^^^^^^^^^^^^^^^^^^
envd_service/route_b.py:1567: in exec
    reply = self.request(
envd_service/route_b.py:1418: in request
    return ch.request(verb, args, fds=tuple(fds))
           ^^^^^^^^^^^^^^^^^^^^^^^^^^^^^^^^^^^^^^
_ _ _ _ _ _ _ _ _ _ _ _ _ _ _ _ _ _ _ _ _ _ _ _ _ _ _ _ _ _ _ _ _ _ _ _ _ _ _ _ 

self = <sandlock.supervise.SuperviseChannel object at 0x7f20d0c811d0>
verb = 'exec'
args = {'argv': ['/bin/sh', '-c', '/bin/echo ok'], 'cwd': '/home/user', 'clean_env': True}
fds = (15, 20, 22)

    def request(
        self,
        verb: str,
        args: Dict[str, Any] | None = None,
        fds: Sequence[int] = (),
    ) -> Any:
        """Issue one verb and return the response ``data`` (``ok:true``)."""
        if self._closed:
            raise SandlockError("SuperviseChannel is closed")
        payload = json.dumps({} if args is None else args).encode("utf-8")
        fd_array = None
        n_fds = len(fds)
        if n_fds:
            fd_array = (ctypes.c_int * n_fds)(*(int(fd) for fd in fds))
        err = ctypes.c_int(0)
        err_msg = ctypes.c_void_p()
        resp_p = _lib.sandlock_supervise_request(
            self._h,
            verb.encode("utf-8"),
            payload,
            fd_array,
            n_fds,
            ctypes.byref(err),
            ctypes.byref(err_msg),
        )
        if not resp_p:
            raise SandlockError(_take_err_msg(err_msg) or f"supervise verb {verb!r} failed")
        try:
            raw = ctypes.string_at(resp_p)
            response = json.loads(raw.decode("utf-8"))
        finally:
            _free_string(ctypes.c_void_p(resp_p))
        if not response.get("ok"):
            # F19/SL-13: the refusal's stable code rides the same frame as its
            # prose, so a host can branch on "the generation is over" without
            # parsing the sentence. `code` is None only for a slot older than
            # the field; it is never guessed from the message.
>           raise SlotRefusal(
                response.get("err") or f"supervise verb {verb!r} refused",
                code=response.get("code"),
            )
E           sandlock.exceptions.SlotRefusal: instance exec failed: process error: instance is closed (shut down, or the init channel closed after the main-exit container end); no new work is accepted

/usr/local/lib/python3.14/site-packages/sandlock/supervise.py:249: SlotRefusal

During handling of the above exception, another exception occurred:

fixturedef = <FixtureDef argname='require_sandlock' scope='function' baseid='tests/security'>
request = <SubRequest 'require_sandlock' for <Function test_loopback_spellings_cannot_reach_a_worker_local_listener>>

    @pytest.hookimpl(wrapper=True)
    def pytest_fixture_setup(fixturedef: FixtureDef, request) -> object | None:
        if (
            fixturedef.argname == "event_loop_policy"
            and fixturedef.func.__module__ != __name__
        ):
            warnings.warn(
                PytestDeprecationWarning(_EVENT_LOOP_POLICY_FIXTURE_DEPRECATION_WARNING),
            )
        asyncio_mode = _get_asyncio_mode(request.config)
        if not _is_asyncio_fixture_function(fixturedef.func):
            if asyncio_mode == Mode.STRICT:
                # Ignore async fixtures without explicit asyncio mark in strict mode
                # This applies to pytest_trio fixtures, for example
                return (yield)
            if not _is_coroutine_or_asyncgen(fixturedef.func):
>               return (yield)
                        ^^^^^

/usr/local/lib/python3.14/site-packages/pytest_asyncio/plugin.py:926: 
_ _ _ _ _ _ _ _ _ _ _ _ _ _ _ _ _ _ _ _ _ _ _ _ _ _ _ _ _ _ _ _ _ _ _ _ _ _ _ _ 
/Users/polus/project/ai/sandlock-e2b/tests/security/conftest.py:151: in require_sandlock
    ???
/usr/local/lib/python3.14/asyncio/runners.py:205: in run
    return runner.run(main)
           ^^^^^^^^^^^^^^^^
/usr/local/lib/python3.14/asyncio/runners.py:128: in run
    return self._loop.run_until_complete(task)
           ^^^^^^^^^^^^^^^^^^^^^^^^^^^^^^^^^^^
/usr/local/lib/python3.14/asyncio/base_events.py:720: in run_until_complete
    return future.result()
           ^^^^^^^^^^^^^^^
/Users/polus/project/ai/sandlock-e2b/tests/security/conftest.py:272: in run_sh
    ???
envd_service/executors/sandlock.py:2854: in start
    proc = await _exec_once(inst)
           ^^^^^^^^^^^^^^^^^^^^^^
envd_service/executors/sandlock.py:2803: in _exec_once
    return await asyncio.to_thread(
/usr/local/lib/python3.14/asyncio/threads.py:26: in to_thread
    return await loop.run_in_executor(None, func_call)
           ^^^^^^^^^^^^^^^^^^^^^^^^^^^^^^^^^^^^^^^^^^^
/usr/local/lib/python3.14/concurrent/futures/thread.py:86: in run
    result = ctx.run(self.task)
             ^^^^^^^^^^^^^^^^^^
/usr/local/lib/python3.14/concurrent/futures/thread.py:73: in run
    return fn(*args, **kwargs)
           ^^^^^^^^^^^^^^^^^^^
envd_service/route_b.py:1567: in exec
    reply = self.request(
envd_service/route_b.py:1418: in request
    return ch.request(verb, args, fds=tuple(fds))
           ^^^^^^^^^^^^^^^^^^^^^^^^^^^^^^^^^^^^^^
_ _ _ _ _ _ _ _ _ _ _ _ _ _ _ _ _ _ _ _ _ _ _ _ _ _ _ _ _ _ _ _ _ _ _ _ _ _ _ _ 

self = <sandlock.supervise.SuperviseChannel object at 0x7f20d0c0a650>
verb = 'exec'
args = {'argv': ['/bin/sh', '-c', '/bin/echo ok'], 'cwd': '/home/user', 'clean_env': True}
fds = (15, 21, 23)

    def request(
        self,
        verb: str,
        args: Dict[str, Any] | None = None,
        fds: Sequence[int] = (),
    ) -> Any:
        """Issue one verb and return the response ``data`` (``ok:true``)."""
        if self._closed:
            raise SandlockError("SuperviseChannel is closed")
        payload = json.dumps({} if args is None else args).encode("utf-8")
        fd_array = None
        n_fds = len(fds)
        if n_fds:
            fd_array = (ctypes.c_int * n_fds)(*(int(fd) for fd in fds))
        err = ctypes.c_int(0)
        err_msg = ctypes.c_void_p()
        resp_p = _lib.sandlock_supervise_request(
            self._h,
            verb.encode("utf-8"),
            payload,
            fd_array,
            n_fds,
            ctypes.byref(err),
            ctypes.byref(err_msg),
        )
        if not resp_p:
            raise SandlockError(_take_err_msg(err_msg) or f"supervise verb {verb!r} failed")
        try:
            raw = ctypes.string_at(resp_p)
            response = json.loads(raw.decode("utf-8"))
        finally:
            _free_string(ctypes.c_void_p(resp_p))
        if not response.get("ok"):
            # F19/SL-13: the refusal's stable code rides the same frame as its
            # prose, so a host can branch on "the generation is over" without
            # parsing the sentence. `code` is None only for a slot older than
            # the field; it is never guessed from the message.
>           raise SlotRefusal(
                response.get("err") or f"supervise verb {verb!r} refused",
                code=response.get("code"),
            )
E           sandlock.exceptions.SlotRefusal: instance exec failed: process error: instance is closed (shut down, or the init channel closed after the main-exit container end); no new work is accepted

/usr/local/lib/python3.14/site-packages/sandlock/supervise.py:249: SlotRefusal
_______ ERROR at setup of test_elf_binary_copied_into_the_workspace_runs _______

self = <envd_service.executors.sandlock.SandlockExecutor object at 0x7f20d0c8e3c0>
config = ExecConfig(cmd=['/bin/sh', '-c', '/bin/echo ok'], env={}, cwd='/tmp/tmpwdt5kflf-ws', stdin_enabled=False, pty=False, rows=24, cols=80, max_file_size=None)

    async def start(self, config: ExecConfig) -> SandlockRunningProcess:
        """Exec ``config.cmd`` onto the long-lived instance (M4 D3).
    
        PTY commands use the fork-native ``ExecStdio.PTY`` (host-side master,
        resized through ``ExecProcess.resize``) instead of the removed
        in-sandbox bridge; everything else uses ``ExecStdio.PIPED``. Per-exec
        cwd/env/clean_env/bind_ports come from ``_exec_params``. A
        closed/dead failure from ``inst.exec`` -- the in-process FFI's typed
        ``InstanceClosedError``/``InstanceDeadError``, or a route-B slot's
        coded refusal (idle-15min/24h instance expiry surfaces at exec time,
        not construction) -- rebuilds the instance exactly once under the
        lifecycle lock and retries the exec; after an explicit
        ``close()``/shutdown the executor fails loudly
        instead of rebuilding.
        """
        if sandlock is None:
            raise unimplemented("Sandlock is not available on this platform")
        if self._closed:
            raise RuntimeError(
                "sandlock executor is shut down; refusing to start a command "
                "on a rebuilt instance"
            )
        # The normal exec path takes the lifecycle lock around instance
        # creation too, so a concurrent ``update_network`` serializes against
        # it exactly like any other ``_ensure_instance`` caller -- but a
        # route-B creation (spawn + readiness probe) runs off the loop.
        inst = await self._ensure_instance_async()
        if inst is None:
            raise unimplemented("Sandlock is not available on this platform")
        stdio = ExecStdio.PTY if config.pty else ExecStdio.PIPED
        resolved = self.resolve_cmd(config.cmd)
    
        async def _exec_once(target) -> object:
            return await asyncio.to_thread(
                target.exec,
                resolved,
                stdio,
                **self._exec_params(
                    config, bind_ports=self._bind_ports_for(config)
                ),
            )
    
        try:
>           proc = await _exec_once(inst)
                   ^^^^^^^^^^^^^^^^^^^^^^

envd_service/executors/sandlock.py:2813: 
_ _ _ _ _ _ _ _ _ _ _ _ _ _ _ _ _ _ _ _ _ _ _ _ _ _ _ _ _ _ _ _ _ _ _ _ _ _ _ _ 
envd_service/executors/sandlock.py:2803: in _exec_once
    return await asyncio.to_thread(
/usr/local/lib/python3.14/asyncio/threads.py:26: in to_thread
    return await loop.run_in_executor(None, func_call)
           ^^^^^^^^^^^^^^^^^^^^^^^^^^^^^^^^^^^^^^^^^^^
/usr/local/lib/python3.14/concurrent/futures/thread.py:86: in run
    result = ctx.run(self.task)
             ^^^^^^^^^^^^^^^^^^
/usr/local/lib/python3.14/concurrent/futures/thread.py:73: in run
    return fn(*args, **kwargs)
           ^^^^^^^^^^^^^^^^^^^
envd_service/route_b.py:1567: in exec
    reply = self.request(
envd_service/route_b.py:1418: in request
    return ch.request(verb, args, fds=tuple(fds))
           ^^^^^^^^^^^^^^^^^^^^^^^^^^^^^^^^^^^^^^
_ _ _ _ _ _ _ _ _ _ _ _ _ _ _ _ _ _ _ _ _ _ _ _ _ _ _ _ _ _ _ _ _ _ _ _ _ _ _ _ 

self = <sandlock.supervise.SuperviseChannel object at 0x7f20ca6a52b0>
verb = 'exec'
args = {'argv': ['/bin/sh', '-c', '/bin/echo ok'], 'cwd': '/home/user', 'clean_env': True}
fds = (17, 24, 26)

    def request(
        self,
        verb: str,
        args: Dict[str, Any] | None = None,
        fds: Sequence[int] = (),
    ) -> Any:
        """Issue one verb and return the response ``data`` (``ok:true``)."""
        if self._closed:
            raise SandlockError("SuperviseChannel is closed")
        payload = json.dumps({} if args is None else args).encode("utf-8")
        fd_array = None
        n_fds = len(fds)
        if n_fds:
            fd_array = (ctypes.c_int * n_fds)(*(int(fd) for fd in fds))
        err = ctypes.c_int(0)
        err_msg = ctypes.c_void_p()
        resp_p = _lib.sandlock_supervise_request(
            self._h,
            verb.encode("utf-8"),
            payload,
            fd_array,
            n_fds,
            ctypes.byref(err),
            ctypes.byref(err_msg),
        )
        if not resp_p:
            raise SandlockError(_take_err_msg(err_msg) or f"supervise verb {verb!r} failed")
        try:
            raw = ctypes.string_at(resp_p)
            response = json.loads(raw.decode("utf-8"))
        finally:
            _free_string(ctypes.c_void_p(resp_p))
        if not response.get("ok"):
            # F19/SL-13: the refusal's stable code rides the same frame as its
            # prose, so a host can branch on "the generation is over" without
            # parsing the sentence. `code` is None only for a slot older than
            # the field; it is never guessed from the message.
>           raise SlotRefusal(
                response.get("err") or f"supervise verb {verb!r} refused",
                code=response.get("code"),
            )
E           sandlock.exceptions.SlotRefusal: instance exec failed: process error: instance is closed (shut down, or the init channel closed after the main-exit container end); no new work is accepted

/usr/local/lib/python3.14/site-packages/sandlock/supervise.py:249: SlotRefusal

During handling of the above exception, another exception occurred:

self = <Coroutine test_elf_binary_copied_into_the_workspace_runs>

    def setup(self) -> None:
        runner_fixture_id = f"_{self._loop_scope}_scoped_runner"
        if runner_fixture_id not in self.fixturenames:
            self.fixturenames.append(runner_fixture_id)
        # When loop factories are configured, resolve the loop factory
        # fixture early so that a factory variant change cascades cache
        # invalidation before any async fixture checks its cache.
        hook_caller = self.config.hook.pytest_asyncio_loop_factories
        if hook_caller.get_hookimpls():
            _ = self._request.getfixturevalue(_asyncio_loop_factory.__name__)
>       return super().setup()
               ^^^^^^^^^^^^^^^

/usr/local/lib/python3.14/site-packages/pytest_asyncio/plugin.py:558: 
_ _ _ _ _ _ _ _ _ _ _ _ _ _ _ _ _ _ _ _ _ _ _ _ _ _ _ _ _ _ _ _ _ _ _ _ _ _ _ _ 
/usr/local/lib/python3.14/site-packages/pytest_asyncio/plugin.py:926: in pytest_fixture_setup
    return (yield)
            ^^^^^
/Users/polus/project/ai/sandlock-e2b/tests/security/conftest.py:151: in require_sandlock
    ???
/usr/local/lib/python3.14/asyncio/runners.py:205: in run
    return runner.run(main)
           ^^^^^^^^^^^^^^^^
/usr/local/lib/python3.14/asyncio/runners.py:128: in run
    return self._loop.run_until_complete(task)
           ^^^^^^^^^^^^^^^^^^^^^^^^^^^^^^^^^^^
/usr/local/lib/python3.14/asyncio/base_events.py:720: in run_until_complete
    return future.result()
           ^^^^^^^^^^^^^^^
/Users/polus/project/ai/sandlock-e2b/tests/security/conftest.py:272: in run_sh
    ???
envd_service/executors/sandlock.py:2854: in start
    proc = await _exec_once(inst)
           ^^^^^^^^^^^^^^^^^^^^^^
envd_service/executors/sandlock.py:2803: in _exec_once
    return await asyncio.to_thread(
/usr/local/lib/python3.14/asyncio/threads.py:26: in to_thread
    return await loop.run_in_executor(None, func_call)
           ^^^^^^^^^^^^^^^^^^^^^^^^^^^^^^^^^^^^^^^^^^^
/usr/local/lib/python3.14/concurrent/futures/thread.py:86: in run
    result = ctx.run(self.task)
             ^^^^^^^^^^^^^^^^^^
/usr/local/lib/python3.14/concurrent/futures/thread.py:73: in run
    return fn(*args, **kwargs)
           ^^^^^^^^^^^^^^^^^^^
envd_service/route_b.py:1567: in exec
    reply = self.request(
envd_service/route_b.py:1418: in request
    return ch.request(verb, args, fds=tuple(fds))
           ^^^^^^^^^^^^^^^^^^^^^^^^^^^^^^^^^^^^^^
_ _ _ _ _ _ _ _ _ _ _ _ _ _ _ _ _ _ _ _ _ _ _ _ _ _ _ _ _ _ _ _ _ _ _ _ _ _ _ _ 

self = <sandlock.supervise.SuperviseChannel object at 0x7f20d0203890>
verb = 'exec'
args = {'argv': ['/bin/sh', '-c', '/bin/echo ok'], 'cwd': '/home/user', 'clean_env': True}
fds = (17, 25, 27)

    def request(
        self,
        verb: str,
        args: Dict[str, Any] | None = None,
        fds: Sequence[int] = (),
    ) -> Any:
        """Issue one verb and return the response ``data`` (``ok:true``)."""
        if self._closed:
            raise SandlockError("SuperviseChannel is closed")
        payload = json.dumps({} if args is None else args).encode("utf-8")
        fd_array = None
        n_fds = len(fds)
        if n_fds:
            fd_array = (ctypes.c_int * n_fds)(*(int(fd) for fd in fds))
        err = ctypes.c_int(0)
        err_msg = ctypes.c_void_p()
        resp_p = _lib.sandlock_supervise_request(
            self._h,
            verb.encode("utf-8"),
            payload,
            fd_array,
            n_fds,
            ctypes.byref(err),
            ctypes.byref(err_msg),
        )
        if not resp_p:
            raise SandlockError(_take_err_msg(err_msg) or f"supervise verb {verb!r} failed")
        try:
            raw = ctypes.string_at(resp_p)
            response = json.loads(raw.decode("utf-8"))
        finally:
            _free_string(ctypes.c_void_p(resp_p))
        if not response.get("ok"):
            # F19/SL-13: the refusal's stable code rides the same frame as its
            # prose, so a host can branch on "the generation is over" without
            # parsing the sentence. `code` is None only for a slot older than
            # the field; it is never guessed from the message.
>           raise SlotRefusal(
                response.get("err") or f"supervise verb {verb!r} refused",
                code=response.get("code"),
            )
E           sandlock.exceptions.SlotRefusal: instance exec failed: process error: instance is closed (shut down, or the init channel closed after the main-exit container end); no new work is accepted

/usr/local/lib/python3.14/site-packages/sandlock/supervise.py:249: SlotRefusal
____ ERROR at setup of test_shebang_script_written_into_the_workspace_runs _____

self = <envd_service.executors.sandlock.SandlockExecutor object at 0x7f20ca3596a0>
config = ExecConfig(cmd=['/bin/sh', '-c', '/bin/echo ok'], env={}, cwd='/tmp/tmpct0_4zzo-ws', stdin_enabled=False, pty=False, rows=24, cols=80, max_file_size=None)

    async def start(self, config: ExecConfig) -> SandlockRunningProcess:
        """Exec ``config.cmd`` onto the long-lived instance (M4 D3).
    
        PTY commands use the fork-native ``ExecStdio.PTY`` (host-side master,
        resized through ``ExecProcess.resize``) instead of the removed
        in-sandbox bridge; everything else uses ``ExecStdio.PIPED``. Per-exec
        cwd/env/clean_env/bind_ports come from ``_exec_params``. A
        closed/dead failure from ``inst.exec`` -- the in-process FFI's typed
        ``InstanceClosedError``/``InstanceDeadError``, or a route-B slot's
        coded refusal (idle-15min/24h instance expiry surfaces at exec time,
        not construction) -- rebuilds the instance exactly once under the
        lifecycle lock and retries the exec; after an explicit
        ``close()``/shutdown the executor fails loudly
        instead of rebuilding.
        """
        if sandlock is None:
            raise unimplemented("Sandlock is not available on this platform")
        if self._closed:
            raise RuntimeError(
                "sandlock executor is shut down; refusing to start a command "
                "on a rebuilt instance"
            )
        # The normal exec path takes the lifecycle lock around instance
        # creation too, so a concurrent ``update_network`` serializes against
        # it exactly like any other ``_ensure_instance`` caller -- but a
        # route-B creation (spawn + readiness probe) runs off the loop.
        inst = await self._ensure_instance_async()
        if inst is None:
            raise unimplemented("Sandlock is not available on this platform")
        stdio = ExecStdio.PTY if config.pty else ExecStdio.PIPED
        resolved = self.resolve_cmd(config.cmd)
    
        async def _exec_once(target) -> object:
            return await asyncio.to_thread(
                target.exec,
                resolved,
                stdio,
                **self._exec_params(
                    config, bind_ports=self._bind_ports_for(config)
                ),
            )
    
        try:
>           proc = await _exec_once(inst)
                   ^^^^^^^^^^^^^^^^^^^^^^

envd_service/executors/sandlock.py:2813: 
_ _ _ _ _ _ _ _ _ _ _ _ _ _ _ _ _ _ _ _ _ _ _ _ _ _ _ _ _ _ _ _ _ _ _ _ _ _ _ _ 
envd_service/executors/sandlock.py:2803: in _exec_once
    return await asyncio.to_thread(
/usr/local/lib/python3.14/asyncio/threads.py:26: in to_thread
    return await loop.run_in_executor(None, func_call)
           ^^^^^^^^^^^^^^^^^^^^^^^^^^^^^^^^^^^^^^^^^^^
/usr/local/lib/python3.14/concurrent/futures/thread.py:86: in run
    result = ctx.run(self.task)
             ^^^^^^^^^^^^^^^^^^
/usr/local/lib/python3.14/concurrent/futures/thread.py:73: in run
    return fn(*args, **kwargs)
           ^^^^^^^^^^^^^^^^^^^
envd_service/route_b.py:1567: in exec
    reply = self.request(
envd_service/route_b.py:1418: in request
    return ch.request(verb, args, fds=tuple(fds))
           ^^^^^^^^^^^^^^^^^^^^^^^^^^^^^^^^^^^^^^
_ _ _ _ _ _ _ _ _ _ _ _ _ _ _ _ _ _ _ _ _ _ _ _ _ _ _ _ _ _ _ _ _ _ _ _ _ _ _ _ 

self = <sandlock.supervise.SuperviseChannel object at 0x7f20ca629180>
verb = 'exec'
args = {'argv': ['/bin/sh', '-c', '/bin/echo ok'], 'cwd': '/home/user', 'clean_env': True}
fds = (19, 29, 31)

    def request(
        self,
        verb: str,
        args: Dict[str, Any] | None = None,
        fds: Sequence[int] = (),
    ) -> Any:
        """Issue one verb and return the response ``data`` (``ok:true``)."""
        if self._closed:
            raise SandlockError("SuperviseChannel is closed")
        payload = json.dumps({} if args is None else args).encode("utf-8")
        fd_array = None
        n_fds = len(fds)
        if n_fds:
            fd_array = (ctypes.c_int * n_fds)(*(int(fd) for fd in fds))
        err = ctypes.c_int(0)
        err_msg = ctypes.c_void_p()
        resp_p = _lib.sandlock_supervise_request(
            self._h,
            verb.encode("utf-8"),
            payload,
            fd_array,
            n_fds,
            ctypes.byref(err),
            ctypes.byref(err_msg),
        )
        if not resp_p:
            raise SandlockError(_take_err_msg(err_msg) or f"supervise verb {verb!r} failed")
        try:
            raw = ctypes.string_at(resp_p)
            response = json.loads(raw.decode("utf-8"))
        finally:
            _free_string(ctypes.c_void_p(resp_p))
        if not response.get("ok"):
            # F19/SL-13: the refusal's stable code rides the same frame as its
            # prose, so a host can branch on "the generation is over" without
            # parsing the sentence. `code` is None only for a slot older than
            # the field; it is never guessed from the message.
>           raise SlotRefusal(
                response.get("err") or f"supervise verb {verb!r} refused",
                code=response.get("code"),
            )
E           sandlock.exceptions.SlotRefusal: instance exec failed: process error: instance is closed (shut down, or the init channel closed after the main-exit container end); no new work is accepted

/usr/local/lib/python3.14/site-packages/sandlock/supervise.py:249: SlotRefusal

During handling of the above exception, another exception occurred:

self = <Coroutine test_shebang_script_written_into_the_workspace_runs>

    def setup(self) -> None:
        runner_fixture_id = f"_{self._loop_scope}_scoped_runner"
        if runner_fixture_id not in self.fixturenames:
            self.fixturenames.append(runner_fixture_id)
        # When loop factories are configured, resolve the loop factory
        # fixture early so that a factory variant change cascades cache
        # invalidation before any async fixture checks its cache.
        hook_caller = self.config.hook.pytest_asyncio_loop_factories
        if hook_caller.get_hookimpls():
            _ = self._request.getfixturevalue(_asyncio_loop_factory.__name__)
>       return super().setup()
               ^^^^^^^^^^^^^^^

/usr/local/lib/python3.14/site-packages/pytest_asyncio/plugin.py:558: 
_ _ _ _ _ _ _ _ _ _ _ _ _ _ _ _ _ _ _ _ _ _ _ _ _ _ _ _ _ _ _ _ _ _ _ _ _ _ _ _ 
/usr/local/lib/python3.14/site-packages/pytest_asyncio/plugin.py:926: in pytest_fixture_setup
    return (yield)
            ^^^^^
/Users/polus/project/ai/sandlock-e2b/tests/security/conftest.py:151: in require_sandlock
    ???
/usr/local/lib/python3.14/asyncio/runners.py:205: in run
    return runner.run(main)
           ^^^^^^^^^^^^^^^^
/usr/local/lib/python3.14/asyncio/runners.py:128: in run
    return self._loop.run_until_complete(task)
           ^^^^^^^^^^^^^^^^^^^^^^^^^^^^^^^^^^^
/usr/local/lib/python3.14/asyncio/base_events.py:720: in run_until_complete
    return future.result()
           ^^^^^^^^^^^^^^^
/Users/polus/project/ai/sandlock-e2b/tests/security/conftest.py:272: in run_sh
    ???
envd_service/executors/sandlock.py:2854: in start
    proc = await _exec_once(inst)
           ^^^^^^^^^^^^^^^^^^^^^^
envd_service/executors/sandlock.py:2803: in _exec_once
    return await asyncio.to_thread(
/usr/local/lib/python3.14/asyncio/threads.py:26: in to_thread
    return await loop.run_in_executor(None, func_call)
           ^^^^^^^^^^^^^^^^^^^^^^^^^^^^^^^^^^^^^^^^^^^
/usr/local/lib/python3.14/concurrent/futures/thread.py:86: in run
    result = ctx.run(self.task)
             ^^^^^^^^^^^^^^^^^^
/usr/local/lib/python3.14/concurrent/futures/thread.py:73: in run
    return fn(*args, **kwargs)
           ^^^^^^^^^^^^^^^^^^^
envd_service/route_b.py:1567: in exec
    reply = self.request(
envd_service/route_b.py:1418: in request
    return ch.request(verb, args, fds=tuple(fds))
           ^^^^^^^^^^^^^^^^^^^^^^^^^^^^^^^^^^^^^^
_ _ _ _ _ _ _ _ _ _ _ _ _ _ _ _ _ _ _ _ _ _ _ _ _ _ _ _ _ _ _ _ _ _ _ _ _ _ _ _ 

self = <sandlock.supervise.SuperviseChannel object at 0x7f20ca6c91d0>
verb = 'exec'
args = {'argv': ['/bin/sh', '-c', '/bin/echo ok'], 'cwd': '/home/user', 'clean_env': True}
fds = (19, 30, 32)

    def request(
        self,
        verb: str,
        args: Dict[str, Any] | None = None,
        fds: Sequence[int] = (),
    ) -> Any:
        """Issue one verb and return the response ``data`` (``ok:true``)."""
        if self._closed:
            raise SandlockError("SuperviseChannel is closed")
        payload = json.dumps({} if args is None else args).encode("utf-8")
        fd_array = None
        n_fds = len(fds)
        if n_fds:
            fd_array = (ctypes.c_int * n_fds)(*(int(fd) for fd in fds))
        err = ctypes.c_int(0)
        err_msg = ctypes.c_void_p()
        resp_p = _lib.sandlock_supervise_request(
            self._h,
            verb.encode("utf-8"),
            payload,
            fd_array,
            n_fds,
            ctypes.byref(err),
            ctypes.byref(err_msg),
        )
        if not resp_p:
            raise SandlockError(_take_err_msg(err_msg) or f"supervise verb {verb!r} failed")
        try:
            raw = ctypes.string_at(resp_p)
            response = json.loads(raw.decode("utf-8"))
        finally:
            _free_string(ctypes.c_void_p(resp_p))
        if not response.get("ok"):
            # F19/SL-13: the refusal's stable code rides the same frame as its
            # prose, so a host can branch on "the generation is over" without
            # parsing the sentence. `code` is None only for a slot older than
            # the field; it is never guessed from the message.
>           raise SlotRefusal(
                response.get("err") or f"supervise verb {verb!r} refused",
                code=response.get("code"),
            )
E           sandlock.exceptions.SlotRefusal: instance exec failed: process error: instance is closed (shut down, or the init channel closed after the main-exit container end); no new work is accepted

/usr/local/lib/python3.14/site-packages/sandlock/supervise.py:249: SlotRefusal
_ ERROR at setup of test_script_whose_interpreter_was_written_in_the_same_command_runs _

self = <envd_service.executors.sandlock.SandlockExecutor object at 0x7f20ca359d30>
config = ExecConfig(cmd=['/bin/sh', '-c', '/bin/echo ok'], env={}, cwd='/tmp/tmp7evl54zc-ws', stdin_enabled=False, pty=False, rows=24, cols=80, max_file_size=None)

    async def start(self, config: ExecConfig) -> SandlockRunningProcess:
        """Exec ``config.cmd`` onto the long-lived instance (M4 D3).
    
        PTY commands use the fork-native ``ExecStdio.PTY`` (host-side master,
        resized through ``ExecProcess.resize``) instead of the removed
        in-sandbox bridge; everything else uses ``ExecStdio.PIPED``. Per-exec
        cwd/env/clean_env/bind_ports come from ``_exec_params``. A
        closed/dead failure from ``inst.exec`` -- the in-process FFI's typed
        ``InstanceClosedError``/``InstanceDeadError``, or a route-B slot's
        coded refusal (idle-15min/24h instance expiry surfaces at exec time,
        not construction) -- rebuilds the instance exactly once under the
        lifecycle lock and retries the exec; after an explicit
        ``close()``/shutdown the executor fails loudly
        instead of rebuilding.
        """
        if sandlock is None:
            raise unimplemented("Sandlock is not available on this platform")
        if self._closed:
            raise RuntimeError(
                "sandlock executor is shut down; refusing to start a command "
                "on a rebuilt instance"
            )
        # The normal exec path takes the lifecycle lock around instance
        # creation too, so a concurrent ``update_network`` serializes against
        # it exactly like any other ``_ensure_instance`` caller -- but a
        # route-B creation (spawn + readiness probe) runs off the loop.
        inst = await self._ensure_instance_async()
        if inst is None:
            raise unimplemented("Sandlock is not available on this platform")
        stdio = ExecStdio.PTY if config.pty else ExecStdio.PIPED
        resolved = self.resolve_cmd(config.cmd)
    
        async def _exec_once(target) -> object:
            return await asyncio.to_thread(
                target.exec,
                resolved,
                stdio,
                **self._exec_params(
                    config, bind_ports=self._bind_ports_for(config)
                ),
            )
    
        try:
>           proc = await _exec_once(inst)
                   ^^^^^^^^^^^^^^^^^^^^^^

envd_service/executors/sandlock.py:2813: 
_ _ _ _ _ _ _ _ _ _ _ _ _ _ _ _ _ _ _ _ _ _ _ _ _ _ _ _ _ _ _ _ _ _ _ _ _ _ _ _ 
envd_service/executors/sandlock.py:2803: in _exec_once
    return await asyncio.to_thread(
/usr/local/lib/python3.14/asyncio/threads.py:26: in to_thread
    return await loop.run_in_executor(None, func_call)
           ^^^^^^^^^^^^^^^^^^^^^^^^^^^^^^^^^^^^^^^^^^^
/usr/local/lib/python3.14/concurrent/futures/thread.py:86: in run
    result = ctx.run(self.task)
             ^^^^^^^^^^^^^^^^^^
/usr/local/lib/python3.14/concurrent/futures/thread.py:73: in run
    return fn(*args, **kwargs)
           ^^^^^^^^^^^^^^^^^^^
envd_service/route_b.py:1567: in exec
    reply = self.request(
envd_service/route_b.py:1418: in request
    return ch.request(verb, args, fds=tuple(fds))
           ^^^^^^^^^^^^^^^^^^^^^^^^^^^^^^^^^^^^^^
_ _ _ _ _ _ _ _ _ _ _ _ _ _ _ _ _ _ _ _ _ _ _ _ _ _ _ _ _ _ _ _ _ _ _ _ _ _ _ _ 

self = <sandlock.supervise.SuperviseChannel object at 0x7f20ca1ab550>
verb = 'exec'
args = {'argv': ['/bin/sh', '-c', '/bin/echo ok'], 'cwd': '/home/user', 'clean_env': True}
fds = (23, 31, 34)

    def request(
        self,
        verb: str,
        args: Dict[str, Any] | None = None,
        fds: Sequence[int] = (),
    ) -> Any:
        """Issue one verb and return the response ``data`` (``ok:true``)."""
        if self._closed:
            raise SandlockError("SuperviseChannel is closed")
        payload = json.dumps({} if args is None else args).encode("utf-8")
        fd_array = None
        n_fds = len(fds)
        if n_fds:
            fd_array = (ctypes.c_int * n_fds)(*(int(fd) for fd in fds))
        err = ctypes.c_int(0)
        err_msg = ctypes.c_void_p()
        resp_p = _lib.sandlock_supervise_request(
            self._h,
            verb.encode("utf-8"),
            payload,
            fd_array,
            n_fds,
            ctypes.byref(err),
            ctypes.byref(err_msg),
        )
        if not resp_p:
            raise SandlockError(_take_err_msg(err_msg) or f"supervise verb {verb!r} failed")
        try:
            raw = ctypes.string_at(resp_p)
            response = json.loads(raw.decode("utf-8"))
        finally:
            _free_string(ctypes.c_void_p(resp_p))
        if not response.get("ok"):
            # F19/SL-13: the refusal's stable code rides the same frame as its
            # prose, so a host can branch on "the generation is over" without
            # parsing the sentence. `code` is None only for a slot older than
            # the field; it is never guessed from the message.
>           raise SlotRefusal(
                response.get("err") or f"supervise verb {verb!r} refused",
                code=response.get("code"),
            )
E           sandlock.exceptions.SlotRefusal: instance exec failed: process error: instance is closed (shut down, or the init channel closed after the main-exit container end); no new work is accepted

/usr/local/lib/python3.14/site-packages/sandlock/supervise.py:249: SlotRefusal

During handling of the above exception, another exception occurred:

self = <Coroutine test_script_whose_interpreter_was_written_in_the_same_command_runs>

    def setup(self) -> None:
        runner_fixture_id = f"_{self._loop_scope}_scoped_runner"
        if runner_fixture_id not in self.fixturenames:
            self.fixturenames.append(runner_fixture_id)
        # When loop factories are configured, resolve the loop factory
        # fixture early so that a factory variant change cascades cache
        # invalidation before any async fixture checks its cache.
        hook_caller = self.config.hook.pytest_asyncio_loop_factories
        if hook_caller.get_hookimpls():
            _ = self._request.getfixturevalue(_asyncio_loop_factory.__name__)
>       return super().setup()
               ^^^^^^^^^^^^^^^

/usr/local/lib/python3.14/site-packages/pytest_asyncio/plugin.py:558: 
_ _ _ _ _ _ _ _ _ _ _ _ _ _ _ _ _ _ _ _ _ _ _ _ _ _ _ _ _ _ _ _ _ _ _ _ _ _ _ _ 
/usr/local/lib/python3.14/site-packages/pytest_asyncio/plugin.py:926: in pytest_fixture_setup
    return (yield)
            ^^^^^
/Users/polus/project/ai/sandlock-e2b/tests/security/conftest.py:151: in require_sandlock
    ???
/usr/local/lib/python3.14/asyncio/runners.py:205: in run
    return runner.run(main)
           ^^^^^^^^^^^^^^^^
/usr/local/lib/python3.14/asyncio/runners.py:128: in run
    return self._loop.run_until_complete(task)
           ^^^^^^^^^^^^^^^^^^^^^^^^^^^^^^^^^^^
/usr/local/lib/python3.14/asyncio/base_events.py:720: in run_until_complete
    return future.result()
           ^^^^^^^^^^^^^^^
/Users/polus/project/ai/sandlock-e2b/tests/security/conftest.py:272: in run_sh
    ???
envd_service/executors/sandlock.py:2854: in start
    proc = await _exec_once(inst)
           ^^^^^^^^^^^^^^^^^^^^^^
envd_service/executors/sandlock.py:2803: in _exec_once
    return await asyncio.to_thread(
/usr/local/lib/python3.14/asyncio/threads.py:26: in to_thread
    return await loop.run_in_executor(None, func_call)
           ^^^^^^^^^^^^^^^^^^^^^^^^^^^^^^^^^^^^^^^^^^^
/usr/local/lib/python3.14/concurrent/futures/thread.py:86: in run
    result = ctx.run(self.task)
             ^^^^^^^^^^^^^^^^^^
/usr/local/lib/python3.14/concurrent/futures/thread.py:73: in run
    return fn(*args, **kwargs)
           ^^^^^^^^^^^^^^^^^^^
envd_service/route_b.py:1567: in exec
    reply = self.request(
envd_service/route_b.py:1418: in request
    return ch.request(verb, args, fds=tuple(fds))
           ^^^^^^^^^^^^^^^^^^^^^^^^^^^^^^^^^^^^^^
_ _ _ _ _ _ _ _ _ _ _ _ _ _ _ _ _ _ _ _ _ _ _ _ _ _ _ _ _ _ _ _ _ _ _ _ _ _ _ _ 

self = <sandlock.supervise.SuperviseChannel object at 0x7f20ca689a20>
verb = 'exec'
args = {'argv': ['/bin/sh', '-c', '/bin/echo ok'], 'cwd': '/home/user', 'clean_env': True}
fds = (23, 32, 35)

    def request(
        self,
        verb: str,
        args: Dict[str, Any] | None = None,
        fds: Sequence[int] = (),
    ) -> Any:
        """Issue one verb and return the response ``data`` (``ok:true``)."""
        if self._closed:
            raise SandlockError("SuperviseChannel is closed")
        payload = json.dumps({} if args is None else args).encode("utf-8")
        fd_array = None
        n_fds = len(fds)
        if n_fds:
            fd_array = (ctypes.c_int * n_fds)(*(int(fd) for fd in fds))
        err = ctypes.c_int(0)
        err_msg = ctypes.c_void_p()
        resp_p = _lib.sandlock_supervise_request(
            self._h,
            verb.encode("utf-8"),
            payload,
            fd_array,
            n_fds,
            ctypes.byref(err),
            ctypes.byref(err_msg),
        )
        if not resp_p:
            raise SandlockError(_take_err_msg(err_msg) or f"supervise verb {verb!r} failed")
        try:
            raw = ctypes.string_at(resp_p)
            response = json.loads(raw.decode("utf-8"))
        finally:
            _free_string(ctypes.c_void_p(resp_p))
        if not response.get("ok"):
            # F19/SL-13: the refusal's stable code rides the same frame as its
            # prose, so a host can branch on "the generation is over" without
            # parsing the sentence. `code` is None only for a slot older than
            # the field; it is never guessed from the message.
>           raise SlotRefusal(
                response.get("err") or f"supervise verb {verb!r} refused",
                code=response.get("code"),
            )
E           sandlock.exceptions.SlotRefusal: instance exec failed: process error: instance is closed (shut down, or the init channel closed after the main-exit container end); no new work is accepted

/usr/local/lib/python3.14/site-packages/sandlock/supervise.py:249: SlotRefusal
_ ERROR at setup of test_a_format_handler_resolves_its_interpreter_inside_the_sandbox _

self = <envd_service.executors.sandlock.SandlockExecutor object at 0x7f20ca35a3c0>
config = ExecConfig(cmd=['/bin/sh', '-c', '/bin/echo ok'], env={}, cwd='/tmp/tmppghj9qds-ws', stdin_enabled=False, pty=False, rows=24, cols=80, max_file_size=None)

    async def start(self, config: ExecConfig) -> SandlockRunningProcess:
        """Exec ``config.cmd`` onto the long-lived instance (M4 D3).
    
        PTY commands use the fork-native ``ExecStdio.PTY`` (host-side master,
        resized through ``ExecProcess.resize``) instead of the removed
        in-sandbox bridge; everything else uses ``ExecStdio.PIPED``. Per-exec
        cwd/env/clean_env/bind_ports come from ``_exec_params``. A
        closed/dead failure from ``inst.exec`` -- the in-process FFI's typed
        ``InstanceClosedError``/``InstanceDeadError``, or a route-B slot's
        coded refusal (idle-15min/24h instance expiry surfaces at exec time,
        not construction) -- rebuilds the instance exactly once under the
        lifecycle lock and retries the exec; after an explicit
        ``close()``/shutdown the executor fails loudly
        instead of rebuilding.
        """
        if sandlock is None:
            raise unimplemented("Sandlock is not available on this platform")
        if self._closed:
            raise RuntimeError(
                "sandlock executor is shut down; refusing to start a command "
                "on a rebuilt instance"
            )
        # The normal exec path takes the lifecycle lock around instance
        # creation too, so a concurrent ``update_network`` serializes against
        # it exactly like any other ``_ensure_instance`` caller -- but a
        # route-B creation (spawn + readiness probe) runs off the loop.
        inst = await self._ensure_instance_async()
        if inst is None:
            raise unimplemented("Sandlock is not available on this platform")
        stdio = ExecStdio.PTY if config.pty else ExecStdio.PIPED
        resolved = self.resolve_cmd(config.cmd)
    
        async def _exec_once(target) -> object:
            return await asyncio.to_thread(
                target.exec,
                resolved,
                stdio,
                **self._exec_params(
                    config, bind_ports=self._bind_ports_for(config)
                ),
            )
    
        try:
>           proc = await _exec_once(inst)
                   ^^^^^^^^^^^^^^^^^^^^^^

envd_service/executors/sandlock.py:2813: 
_ _ _ _ _ _ _ _ _ _ _ _ _ _ _ _ _ _ _ _ _ _ _ _ _ _ _ _ _ _ _ _ _ _ _ _ _ _ _ _ 
envd_service/executors/sandlock.py:2803: in _exec_once
    return await asyncio.to_thread(
/usr/local/lib/python3.14/asyncio/threads.py:26: in to_thread
    return await loop.run_in_executor(None, func_call)
           ^^^^^^^^^^^^^^^^^^^^^^^^^^^^^^^^^^^^^^^^^^^
/usr/local/lib/python3.14/concurrent/futures/thread.py:86: in run
    result = ctx.run(self.task)
             ^^^^^^^^^^^^^^^^^^
/usr/local/lib/python3.14/concurrent/futures/thread.py:73: in run
    return fn(*args, **kwargs)
           ^^^^^^^^^^^^^^^^^^^
envd_service/route_b.py:1567: in exec
    reply = self.request(
envd_service/route_b.py:1418: in request
    return ch.request(verb, args, fds=tuple(fds))
           ^^^^^^^^^^^^^^^^^^^^^^^^^^^^^^^^^^^^^^
_ _ _ _ _ _ _ _ _ _ _ _ _ _ _ _ _ _ _ _ _ _ _ _ _ _ _ _ _ _ _ _ _ _ _ _ _ _ _ _ 

self = <sandlock.supervise.SuperviseChannel object at 0x7f20ca68b690>
verb = 'exec'
args = {'argv': ['/bin/sh', '-c', '/bin/echo ok'], 'cwd': '/home/user', 'clean_env': True}
fds = (26, 37, 39)

    def request(
        self,
        verb: str,
        args: Dict[str, Any] | None = None,
        fds: Sequence[int] = (),
    ) -> Any:
        """Issue one verb and return the response ``data`` (``ok:true``)."""
        if self._closed:
            raise SandlockError("SuperviseChannel is closed")
        payload = json.dumps({} if args is None else args).encode("utf-8")
        fd_array = None
        n_fds = len(fds)
        if n_fds:
            fd_array = (ctypes.c_int * n_fds)(*(int(fd) for fd in fds))
        err = ctypes.c_int(0)
        err_msg = ctypes.c_void_p()
        resp_p = _lib.sandlock_supervise_request(
            self._h,
            verb.encode("utf-8"),
            payload,
            fd_array,
            n_fds,
            ctypes.byref(err),
            ctypes.byref(err_msg),
        )
        if not resp_p:
            raise SandlockError(_take_err_msg(err_msg) or f"supervise verb {verb!r} failed")
        try:
            raw = ctypes.string_at(resp_p)
            response = json.loads(raw.decode("utf-8"))
        finally:
            _free_string(ctypes.c_void_p(resp_p))
        if not response.get("ok"):
            # F19/SL-13: the refusal's stable code rides the same frame as its
            # prose, so a host can branch on "the generation is over" without
            # parsing the sentence. `code` is None only for a slot older than
            # the field; it is never guessed from the message.
>           raise SlotRefusal(
                response.get("err") or f"supervise verb {verb!r} refused",
                code=response.get("code"),
            )
E           sandlock.exceptions.SlotRefusal: instance exec failed: process error: instance is closed (shut down, or the init channel closed after the main-exit container end); no new work is accepted

/usr/local/lib/python3.14/site-packages/sandlock/supervise.py:249: SlotRefusal

During handling of the above exception, another exception occurred:

self = <Coroutine test_a_format_handler_resolves_its_interpreter_inside_the_sandbox>

    def setup(self) -> None:
        runner_fixture_id = f"_{self._loop_scope}_scoped_runner"
        if runner_fixture_id not in self.fixturenames:
            self.fixturenames.append(runner_fixture_id)
        # When loop factories are configured, resolve the loop factory
        # fixture early so that a factory variant change cascades cache
        # invalidation before any async fixture checks its cache.
        hook_caller = self.config.hook.pytest_asyncio_loop_factories
        if hook_caller.get_hookimpls():
            _ = self._request.getfixturevalue(_asyncio_loop_factory.__name__)
>       return super().setup()
               ^^^^^^^^^^^^^^^

/usr/local/lib/python3.14/site-packages/pytest_asyncio/plugin.py:558: 
_ _ _ _ _ _ _ _ _ _ _ _ _ _ _ _ _ _ _ _ _ _ _ _ _ _ _ _ _ _ _ _ _ _ _ _ _ _ _ _ 
/usr/local/lib/python3.14/site-packages/pytest_asyncio/plugin.py:926: in pytest_fixture_setup
    return (yield)
            ^^^^^
/Users/polus/project/ai/sandlock-e2b/tests/security/conftest.py:151: in require_sandlock
    ???
/usr/local/lib/python3.14/asyncio/runners.py:205: in run
    return runner.run(main)
           ^^^^^^^^^^^^^^^^
/usr/local/lib/python3.14/asyncio/runners.py:128: in run
    return self._loop.run_until_complete(task)
           ^^^^^^^^^^^^^^^^^^^^^^^^^^^^^^^^^^^
/usr/local/lib/python3.14/asyncio/base_events.py:720: in run_until_complete
    return future.result()
           ^^^^^^^^^^^^^^^
/Users/polus/project/ai/sandlock-e2b/tests/security/conftest.py:272: in run_sh
    ???
envd_service/executors/sandlock.py:2854: in start
    proc = await _exec_once(inst)
           ^^^^^^^^^^^^^^^^^^^^^^
envd_service/executors/sandlock.py:2803: in _exec_once
    return await asyncio.to_thread(
/usr/local/lib/python3.14/asyncio/threads.py:26: in to_thread
    return await loop.run_in_executor(None, func_call)
           ^^^^^^^^^^^^^^^^^^^^^^^^^^^^^^^^^^^^^^^^^^^
/usr/local/lib/python3.14/concurrent/futures/thread.py:86: in run
    result = ctx.run(self.task)
             ^^^^^^^^^^^^^^^^^^
/usr/local/lib/python3.14/concurrent/futures/thread.py:73: in run
    return fn(*args, **kwargs)
           ^^^^^^^^^^^^^^^^^^^
envd_service/route_b.py:1567: in exec
    reply = self.request(
envd_service/route_b.py:1418: in request
    return ch.request(verb, args, fds=tuple(fds))
           ^^^^^^^^^^^^^^^^^^^^^^^^^^^^^^^^^^^^^^
_ _ _ _ _ _ _ _ _ _ _ _ _ _ _ _ _ _ _ _ _ _ _ _ _ _ _ _ _ _ _ _ _ _ _ _ _ _ _ _ 

self = <sandlock.supervise.SuperviseChannel object at 0x7f20ca6558d0>
verb = 'exec'
args = {'argv': ['/bin/sh', '-c', '/bin/echo ok'], 'cwd': '/home/user', 'clean_env': True}
fds = (26, 38, 40)

    def request(
        self,
        verb: str,
        args: Dict[str, Any] | None = None,
        fds: Sequence[int] = (),
    ) -> Any:
        """Issue one verb and return the response ``data`` (``ok:true``)."""
        if self._closed:
            raise SandlockError("SuperviseChannel is closed")
        payload = json.dumps({} if args is None else args).encode("utf-8")
        fd_array = None
        n_fds = len(fds)
        if n_fds:
            fd_array = (ctypes.c_int * n_fds)(*(int(fd) for fd in fds))
        err = ctypes.c_int(0)
        err_msg = ctypes.c_void_p()
        resp_p = _lib.sandlock_supervise_request(
            self._h,
            verb.encode("utf-8"),
            payload,
            fd_array,
            n_fds,
            ctypes.byref(err),
            ctypes.byref(err_msg),
        )
        if not resp_p:
            raise SandlockError(_take_err_msg(err_msg) or f"supervise verb {verb!r} failed")
        try:
            raw = ctypes.string_at(resp_p)
            response = json.loads(raw.decode("utf-8"))
        finally:
            _free_string(ctypes.c_void_p(resp_p))
        if not response.get("ok"):
            # F19/SL-13: the refusal's stable code rides the same frame as its
            # prose, so a host can branch on "the generation is over" without
            # parsing the sentence. `code` is None only for a slot older than
            # the field; it is never guessed from the message.
>           raise SlotRefusal(
                response.get("err") or f"supervise verb {verb!r} refused",
                code=response.get("code"),
            )
E           sandlock.exceptions.SlotRefusal: instance exec failed: process error: instance is closed (shut down, or the init channel closed after the main-exit container end); no new work is accepted

/usr/local/lib/python3.14/site-packages/sandlock/supervise.py:249: SlotRefusal
_______________ ERROR at setup of test_the_workload_cannot_mount _______________

self = <envd_service.executors.sandlock.SandlockExecutor object at 0x7f20ca35a120>
config = ExecConfig(cmd=['/bin/sh', '-c', '/bin/echo ok'], env={}, cwd='/tmp/tmpeu7rgurp-ws', stdin_enabled=False, pty=False, rows=24, cols=80, max_file_size=None)

    async def start(self, config: ExecConfig) -> SandlockRunningProcess:
        """Exec ``config.cmd`` onto the long-lived instance (M4 D3).
    
        PTY commands use the fork-native ``ExecStdio.PTY`` (host-side master,
        resized through ``ExecProcess.resize``) instead of the removed
        in-sandbox bridge; everything else uses ``ExecStdio.PIPED``. Per-exec
        cwd/env/clean_env/bind_ports come from ``_exec_params``. A
        closed/dead failure from ``inst.exec`` -- the in-process FFI's typed
        ``InstanceClosedError``/``InstanceDeadError``, or a route-B slot's
        coded refusal (idle-15min/24h instance expiry surfaces at exec time,
        not construction) -- rebuilds the instance exactly once under the
        lifecycle lock and retries the exec; after an explicit
        ``close()``/shutdown the executor fails loudly
        instead of rebuilding.
        """
        if sandlock is None:
            raise unimplemented("Sandlock is not available on this platform")
        if self._closed:
            raise RuntimeError(
                "sandlock executor is shut down; refusing to start a command "
                "on a rebuilt instance"
            )
        # The normal exec path takes the lifecycle lock around instance
        # creation too, so a concurrent ``update_network`` serializes against
        # it exactly like any other ``_ensure_instance`` caller -- but a
        # route-B creation (spawn + readiness probe) runs off the loop.
        inst = await self._ensure_instance_async()
        if inst is None:
            raise unimplemented("Sandlock is not available on this platform")
        stdio = ExecStdio.PTY if config.pty else ExecStdio.PIPED
        resolved = self.resolve_cmd(config.cmd)
    
        async def _exec_once(target) -> object:
            return await asyncio.to_thread(
                target.exec,
                resolved,
                stdio,
                **self._exec_params(
                    config, bind_ports=self._bind_ports_for(config)
                ),
            )
    
        try:
>           proc = await _exec_once(inst)
                   ^^^^^^^^^^^^^^^^^^^^^^

envd_service/executors/sandlock.py:2813: 
_ _ _ _ _ _ _ _ _ _ _ _ _ _ _ _ _ _ _ _ _ _ _ _ _ _ _ _ _ _ _ _ _ _ _ _ _ _ _ _ 
envd_service/executors/sandlock.py:2803: in _exec_once
    return await asyncio.to_thread(
/usr/local/lib/python3.14/asyncio/threads.py:26: in to_thread
    return await loop.run_in_executor(None, func_call)
           ^^^^^^^^^^^^^^^^^^^^^^^^^^^^^^^^^^^^^^^^^^^
/usr/local/lib/python3.14/concurrent/futures/thread.py:86: in run
    result = ctx.run(self.task)
             ^^^^^^^^^^^^^^^^^^
/usr/local/lib/python3.14/concurrent/futures/thread.py:73: in run
    return fn(*args, **kwargs)
           ^^^^^^^^^^^^^^^^^^^
envd_service/route_b.py:1567: in exec
    reply = self.request(
envd_service/route_b.py:1418: in request
    return ch.request(verb, args, fds=tuple(fds))
           ^^^^^^^^^^^^^^^^^^^^^^^^^^^^^^^^^^^^^^
_ _ _ _ _ _ _ _ _ _ _ _ _ _ _ _ _ _ _ _ _ _ _ _ _ _ _ _ _ _ _ _ _ _ _ _ _ _ _ _ 

self = <sandlock.supervise.SuperviseChannel object at 0x7f20ca657690>
verb = 'exec'
args = {'argv': ['/bin/sh', '-c', '/bin/echo ok'], 'cwd': '/home/user', 'clean_env': True}
fds = (30, 39, 42)

    def request(
        self,
        verb: str,
        args: Dict[str, Any] | None = None,
        fds: Sequence[int] = (),
    ) -> Any:
        """Issue one verb and return the response ``data`` (``ok:true``)."""
        if self._closed:
            raise SandlockError("SuperviseChannel is closed")
        payload = json.dumps({} if args is None else args).encode("utf-8")
        fd_array = None
        n_fds = len(fds)
        if n_fds:
            fd_array = (ctypes.c_int * n_fds)(*(int(fd) for fd in fds))
        err = ctypes.c_int(0)
        err_msg = ctypes.c_void_p()
        resp_p = _lib.sandlock_supervise_request(
            self._h,
            verb.encode("utf-8"),
            payload,
            fd_array,
            n_fds,
            ctypes.byref(err),
            ctypes.byref(err_msg),
        )
        if not resp_p:
            raise SandlockError(_take_err_msg(err_msg) or f"supervise verb {verb!r} failed")
        try:
            raw = ctypes.string_at(resp_p)
            response = json.loads(raw.decode("utf-8"))
        finally:
            _free_string(ctypes.c_void_p(resp_p))
        if not response.get("ok"):
            # F19/SL-13: the refusal's stable code rides the same frame as its
            # prose, so a host can branch on "the generation is over" without
            # parsing the sentence. `code` is None only for a slot older than
            # the field; it is never guessed from the message.
>           raise SlotRefusal(
                response.get("err") or f"supervise verb {verb!r} refused",
                code=response.get("code"),
            )
E           sandlock.exceptions.SlotRefusal: instance exec failed: process error: instance is closed (shut down, or the init channel closed after the main-exit container end); no new work is accepted

/usr/local/lib/python3.14/site-packages/sandlock/supervise.py:249: SlotRefusal

During handling of the above exception, another exception occurred:

self = <Coroutine test_the_workload_cannot_mount>

    def setup(self) -> None:
        runner_fixture_id = f"_{self._loop_scope}_scoped_runner"
        if runner_fixture_id not in self.fixturenames:
            self.fixturenames.append(runner_fixture_id)
        # When loop factories are configured, resolve the loop factory
        # fixture early so that a factory variant change cascades cache
        # invalidation before any async fixture checks its cache.
        hook_caller = self.config.hook.pytest_asyncio_loop_factories
        if hook_caller.get_hookimpls():
            _ = self._request.getfixturevalue(_asyncio_loop_factory.__name__)
>       return super().setup()
               ^^^^^^^^^^^^^^^

/usr/local/lib/python3.14/site-packages/pytest_asyncio/plugin.py:558: 
_ _ _ _ _ _ _ _ _ _ _ _ _ _ _ _ _ _ _ _ _ _ _ _ _ _ _ _ _ _ _ _ _ _ _ _ _ _ _ _ 
/usr/local/lib/python3.14/site-packages/pytest_asyncio/plugin.py:926: in pytest_fixture_setup
    return (yield)
            ^^^^^
/Users/polus/project/ai/sandlock-e2b/tests/security/conftest.py:151: in require_sandlock
    ???
/usr/local/lib/python3.14/asyncio/runners.py:205: in run
    return runner.run(main)
           ^^^^^^^^^^^^^^^^
/usr/local/lib/python3.14/asyncio/runners.py:128: in run
    return self._loop.run_until_complete(task)
           ^^^^^^^^^^^^^^^^^^^^^^^^^^^^^^^^^^^
/usr/local/lib/python3.14/asyncio/base_events.py:720: in run_until_complete
    return future.result()
           ^^^^^^^^^^^^^^^
/Users/polus/project/ai/sandlock-e2b/tests/security/conftest.py:272: in run_sh
    ???
envd_service/executors/sandlock.py:2854: in start
    proc = await _exec_once(inst)
           ^^^^^^^^^^^^^^^^^^^^^^
envd_service/executors/sandlock.py:2803: in _exec_once
    return await asyncio.to_thread(
/usr/local/lib/python3.14/asyncio/threads.py:26: in to_thread
    return await loop.run_in_executor(None, func_call)
           ^^^^^^^^^^^^^^^^^^^^^^^^^^^^^^^^^^^^^^^^^^^
/usr/local/lib/python3.14/concurrent/futures/thread.py:86: in run
    result = ctx.run(self.task)
             ^^^^^^^^^^^^^^^^^^
/usr/local/lib/python3.14/concurrent/futures/thread.py:73: in run
    return fn(*args, **kwargs)
           ^^^^^^^^^^^^^^^^^^^
envd_service/route_b.py:1567: in exec
    reply = self.request(
envd_service/route_b.py:1418: in request
    return ch.request(verb, args, fds=tuple(fds))
           ^^^^^^^^^^^^^^^^^^^^^^^^^^^^^^^^^^^^^^
_ _ _ _ _ _ _ _ _ _ _ _ _ _ _ _ _ _ _ _ _ _ _ _ _ _ _ _ _ _ _ _ _ _ _ _ _ _ _ _ 

self = <sandlock.supervise.SuperviseChannel object at 0x7f20ca654910>
verb = 'exec'
args = {'argv': ['/bin/sh', '-c', '/bin/echo ok'], 'cwd': '/home/user', 'clean_env': True}
fds = (30, 40, 43)

    def request(
        self,
        verb: str,
        args: Dict[str, Any] | None = None,
        fds: Sequence[int] = (),
    ) -> Any:
        """Issue one verb and return the response ``data`` (``ok:true``)."""
        if self._closed:
            raise SandlockError("SuperviseChannel is closed")
        payload = json.dumps({} if args is None else args).encode("utf-8")
        fd_array = None
        n_fds = len(fds)
        if n_fds:
            fd_array = (ctypes.c_int * n_fds)(*(int(fd) for fd in fds))
        err = ctypes.c_int(0)
        err_msg = ctypes.c_void_p()
        resp_p = _lib.sandlock_supervise_request(
            self._h,
            verb.encode("utf-8"),
            payload,
            fd_array,
            n_fds,
            ctypes.byref(err),
            ctypes.byref(err_msg),
        )
        if not resp_p:
            raise SandlockError(_take_err_msg(err_msg) or f"supervise verb {verb!r} failed")
        try:
            raw = ctypes.string_at(resp_p)
            response = json.loads(raw.decode("utf-8"))
        finally:
            _free_string(ctypes.c_void_p(resp_p))
        if not response.get("ok"):
            # F19/SL-13: the refusal's stable code rides the same frame as its
            # prose, so a host can branch on "the generation is over" without
            # parsing the sentence. `code` is None only for a slot older than
            # the field; it is never guessed from the message.
>           raise SlotRefusal(
                response.get("err") or f"supervise verb {verb!r} refused",
                code=response.get("code"),
            )
E           sandlock.exceptions.SlotRefusal: instance exec failed: process error: io error: Broken pipe (os error 32)

/usr/local/lib/python3.14/site-packages/sandlock/supervise.py:249: SlotRefusal
__________ ERROR at setup of test_static_binary_in_the_workspace_runs __________

self = <envd_service.executors.sandlock.SandlockExecutor object at 0x7f20ca35a270>
config = ExecConfig(cmd=['/bin/sh', '-c', '/bin/echo ok'], env={}, cwd='/tmp/tmpyb5aqrrr-ws', stdin_enabled=False, pty=False, rows=24, cols=80, max_file_size=None)

    async def start(self, config: ExecConfig) -> SandlockRunningProcess:
        """Exec ``config.cmd`` onto the long-lived instance (M4 D3).
    
        PTY commands use the fork-native ``ExecStdio.PTY`` (host-side master,
        resized through ``ExecProcess.resize``) instead of the removed
        in-sandbox bridge; everything else uses ``ExecStdio.PIPED``. Per-exec
        cwd/env/clean_env/bind_ports come from ``_exec_params``. A
        closed/dead failure from ``inst.exec`` -- the in-process FFI's typed
        ``InstanceClosedError``/``InstanceDeadError``, or a route-B slot's
        coded refusal (idle-15min/24h instance expiry surfaces at exec time,
        not construction) -- rebuilds the instance exactly once under the
        lifecycle lock and retries the exec; after an explicit
        ``close()``/shutdown the executor fails loudly
        instead of rebuilding.
        """
        if sandlock is None:
            raise unimplemented("Sandlock is not available on this platform")
        if self._closed:
            raise RuntimeError(
                "sandlock executor is shut down; refusing to start a command "
                "on a rebuilt instance"
            )
        # The normal exec path takes the lifecycle lock around instance
        # creation too, so a concurrent ``update_network`` serializes against
        # it exactly like any other ``_ensure_instance`` caller -- but a
        # route-B creation (spawn + readiness probe) runs off the loop.
        inst = await self._ensure_instance_async()
        if inst is None:
            raise unimplemented("Sandlock is not available on this platform")
        stdio = ExecStdio.PTY if config.pty else ExecStdio.PIPED
        resolved = self.resolve_cmd(config.cmd)
    
        async def _exec_once(target) -> object:
            return await asyncio.to_thread(
                target.exec,
                resolved,
                stdio,
                **self._exec_params(
                    config, bind_ports=self._bind_ports_for(config)
                ),
            )
    
        try:
>           proc = await _exec_once(inst)
                   ^^^^^^^^^^^^^^^^^^^^^^

envd_service/executors/sandlock.py:2813: 
_ _ _ _ _ _ _ _ _ _ _ _ _ _ _ _ _ _ _ _ _ _ _ _ _ _ _ _ _ _ _ _ _ _ _ _ _ _ _ _ 
envd_service/executors/sandlock.py:2803: in _exec_once
    return await asyncio.to_thread(
/usr/local/lib/python3.14/asyncio/threads.py:26: in to_thread
    return await loop.run_in_executor(None, func_call)
           ^^^^^^^^^^^^^^^^^^^^^^^^^^^^^^^^^^^^^^^^^^^
/usr/local/lib/python3.14/concurrent/futures/thread.py:86: in run
    result = ctx.run(self.task)
             ^^^^^^^^^^^^^^^^^^
/usr/local/lib/python3.14/concurrent/futures/thread.py:73: in run
    return fn(*args, **kwargs)
           ^^^^^^^^^^^^^^^^^^^
envd_service/route_b.py:1567: in exec
    reply = self.request(
envd_service/route_b.py:1418: in request
    return ch.request(verb, args, fds=tuple(fds))
           ^^^^^^^^^^^^^^^^^^^^^^^^^^^^^^^^^^^^^^
_ _ _ _ _ _ _ _ _ _ _ _ _ _ _ _ _ _ _ _ _ _ _ _ _ _ _ _ _ _ _ _ _ _ _ _ _ _ _ _ 

self = <sandlock.supervise.SuperviseChannel object at 0x7f20ca657150>
verb = 'exec'
args = {'argv': ['/bin/sh', '-c', '/bin/echo ok'], 'cwd': '/home/user', 'clean_env': True}
fds = (34, 45, 47)

    def request(
        self,
        verb: str,
        args: Dict[str, Any] | None = None,
        fds: Sequence[int] = (),
    ) -> Any:
        """Issue one verb and return the response ``data`` (``ok:true``)."""
        if self._closed:
            raise SandlockError("SuperviseChannel is closed")
        payload = json.dumps({} if args is None else args).encode("utf-8")
        fd_array = None
        n_fds = len(fds)
        if n_fds:
            fd_array = (ctypes.c_int * n_fds)(*(int(fd) for fd in fds))
        err = ctypes.c_int(0)
        err_msg = ctypes.c_void_p()
        resp_p = _lib.sandlock_supervise_request(
            self._h,
            verb.encode("utf-8"),
            payload,
            fd_array,
            n_fds,
            ctypes.byref(err),
            ctypes.byref(err_msg),
        )
        if not resp_p:
            raise SandlockError(_take_err_msg(err_msg) or f"supervise verb {verb!r} failed")
        try:
            raw = ctypes.string_at(resp_p)
            response = json.loads(raw.decode("utf-8"))
        finally:
            _free_string(ctypes.c_void_p(resp_p))
        if not response.get("ok"):
            # F19/SL-13: the refusal's stable code rides the same frame as its
            # prose, so a host can branch on "the generation is over" without
            # parsing the sentence. `code` is None only for a slot older than
            # the field; it is never guessed from the message.
>           raise SlotRefusal(
                response.get("err") or f"supervise verb {verb!r} refused",
                code=response.get("code"),
            )
E           sandlock.exceptions.SlotRefusal: instance exec failed: process error: instance is closed (shut down, or the init channel closed after the main-exit container end); no new work is accepted

/usr/local/lib/python3.14/site-packages/sandlock/supervise.py:249: SlotRefusal

During handling of the above exception, another exception occurred:

self = <Coroutine test_static_binary_in_the_workspace_runs>

    def setup(self) -> None:
        runner_fixture_id = f"_{self._loop_scope}_scoped_runner"
        if runner_fixture_id not in self.fixturenames:
            self.fixturenames.append(runner_fixture_id)
        # When loop factories are configured, resolve the loop factory
        # fixture early so that a factory variant change cascades cache
        # invalidation before any async fixture checks its cache.
        hook_caller = self.config.hook.pytest_asyncio_loop_factories
        if hook_caller.get_hookimpls():
            _ = self._request.getfixturevalue(_asyncio_loop_factory.__name__)
>       return super().setup()
               ^^^^^^^^^^^^^^^

/usr/local/lib/python3.14/site-packages/pytest_asyncio/plugin.py:558: 
_ _ _ _ _ _ _ _ _ _ _ _ _ _ _ _ _ _ _ _ _ _ _ _ _ _ _ _ _ _ _ _ _ _ _ _ _ _ _ _ 
/usr/local/lib/python3.14/site-packages/pytest_asyncio/plugin.py:926: in pytest_fixture_setup
    return (yield)
            ^^^^^
/Users/polus/project/ai/sandlock-e2b/tests/security/conftest.py:151: in require_sandlock
    ???
/usr/local/lib/python3.14/asyncio/runners.py:205: in run
    return runner.run(main)
           ^^^^^^^^^^^^^^^^
/usr/local/lib/python3.14/asyncio/runners.py:128: in run
    return self._loop.run_until_complete(task)
           ^^^^^^^^^^^^^^^^^^^^^^^^^^^^^^^^^^^
/usr/local/lib/python3.14/asyncio/base_events.py:720: in run_until_complete
    return future.result()
           ^^^^^^^^^^^^^^^
/Users/polus/project/ai/sandlock-e2b/tests/security/conftest.py:272: in run_sh
    ???
envd_service/executors/sandlock.py:2854: in start
    proc = await _exec_once(inst)
           ^^^^^^^^^^^^^^^^^^^^^^
envd_service/executors/sandlock.py:2803: in _exec_once
    return await asyncio.to_thread(
/usr/local/lib/python3.14/asyncio/threads.py:26: in to_thread
    return await loop.run_in_executor(None, func_call)
           ^^^^^^^^^^^^^^^^^^^^^^^^^^^^^^^^^^^^^^^^^^^
/usr/local/lib/python3.14/concurrent/futures/thread.py:86: in run
    result = ctx.run(self.task)
             ^^^^^^^^^^^^^^^^^^
/usr/local/lib/python3.14/concurrent/futures/thread.py:73: in run
    return fn(*args, **kwargs)
           ^^^^^^^^^^^^^^^^^^^
envd_service/route_b.py:1567: in exec
    reply = self.request(
envd_service/route_b.py:1418: in request
    return ch.request(verb, args, fds=tuple(fds))
           ^^^^^^^^^^^^^^^^^^^^^^^^^^^^^^^^^^^^^^
_ _ _ _ _ _ _ _ _ _ _ _ _ _ _ _ _ _ _ _ _ _ _ _ _ _ _ _ _ _ _ _ _ _ _ _ _ _ _ _ 

self = <sandlock.supervise.SuperviseChannel object at 0x7f20ca6556a0>
verb = 'exec'
args = {'argv': ['/bin/sh', '-c', '/bin/echo ok'], 'cwd': '/home/user', 'clean_env': True}
fds = (34, 46, 48)

    def request(
        self,
        verb: str,
        args: Dict[str, Any] | None = None,
        fds: Sequence[int] = (),
    ) -> Any:
        """Issue one verb and return the response ``data`` (``ok:true``)."""
        if self._closed:
            raise SandlockError("SuperviseChannel is closed")
        payload = json.dumps({} if args is None else args).encode("utf-8")
        fd_array = None
        n_fds = len(fds)
        if n_fds:
            fd_array = (ctypes.c_int * n_fds)(*(int(fd) for fd in fds))
        err = ctypes.c_int(0)
        err_msg = ctypes.c_void_p()
        resp_p = _lib.sandlock_supervise_request(
            self._h,
            verb.encode("utf-8"),
            payload,
            fd_array,
            n_fds,
            ctypes.byref(err),
            ctypes.byref(err_msg),
        )
        if not resp_p:
            raise SandlockError(_take_err_msg(err_msg) or f"supervise verb {verb!r} failed")
        try:
            raw = ctypes.string_at(resp_p)
            response = json.loads(raw.decode("utf-8"))
        finally:
            _free_string(ctypes.c_void_p(resp_p))
        if not response.get("ok"):
            # F19/SL-13: the refusal's stable code rides the same frame as its
            # prose, so a host can branch on "the generation is over" without
            # parsing the sentence. `code` is None only for a slot older than
            # the field; it is never guessed from the message.
>           raise SlotRefusal(
                response.get("err") or f"supervise verb {verb!r} refused",
                code=response.get("code"),
            )
E           sandlock.exceptions.SlotRefusal: instance exec failed: process error: io error: Broken pipe (os error 32)

/usr/local/lib/python3.14/site-packages/sandlock/supervise.py:249: SlotRefusal
_________ ERROR at setup of test_egress_proxy_tunnels_tcp_after_filter _________

self = <Coroutine test_egress_proxy_tunnels_tcp_after_filter>

    def setup(self) -> None:
        runner_fixture_id = f"_{self._loop_scope}_scoped_runner"
        if runner_fixture_id not in self.fixturenames:
            self.fixturenames.append(runner_fixture_id)
        # When loop factories are configured, resolve the loop factory
        # fixture early so that a factory variant change cascades cache
        # invalidation before any async fixture checks its cache.
        hook_caller = self.config.hook.pytest_asyncio_loop_factories
        if hook_caller.get_hookimpls():
            _ = self._request.getfixturevalue(_asyncio_loop_factory.__name__)
>       return super().setup()
               ^^^^^^^^^^^^^^^

/usr/local/lib/python3.14/site-packages/pytest_asyncio/plugin.py:558: 
_ _ _ _ _ _ _ _ _ _ _ _ _ _ _ _ _ _ _ _ _ _ _ _ _ _ _ _ _ _ _ _ _ _ _ _ _ _ _ _ 
/usr/local/lib/python3.14/site-packages/pytest_asyncio/plugin.py:926: in pytest_fixture_setup
    return (yield)
            ^^^^^
/Users/polus/project/ai/sandlock-e2b/tests/security/conftest.py:151: in require_sandlock
    ???
/usr/local/lib/python3.14/asyncio/runners.py:205: in run
    return runner.run(main)
           ^^^^^^^^^^^^^^^^
/usr/local/lib/python3.14/asyncio/runners.py:128: in run
    return self._loop.run_until_complete(task)
           ^^^^^^^^^^^^^^^^^^^^^^^^^^^^^^^^^^^
/usr/local/lib/python3.14/asyncio/base_events.py:720: in run_until_complete
    return future.result()
           ^^^^^^^^^^^^^^^
/Users/polus/project/ai/sandlock-e2b/tests/security/conftest.py:272: in run_sh
    ???
envd_service/executors/sandlock.py:2813: in start
    proc = await _exec_once(inst)
           ^^^^^^^^^^^^^^^^^^^^^^
envd_service/executors/sandlock.py:2803: in _exec_once
    return await asyncio.to_thread(
/usr/local/lib/python3.14/asyncio/threads.py:26: in to_thread
    return await loop.run_in_executor(None, func_call)
           ^^^^^^^^^^^^^^^^^^^^^^^^^^^^^^^^^^^^^^^^^^^
/usr/local/lib/python3.14/concurrent/futures/thread.py:86: in run
    result = ctx.run(self.task)
             ^^^^^^^^^^^^^^^^^^
/usr/local/lib/python3.14/concurrent/futures/thread.py:73: in run
    return fn(*args, **kwargs)
           ^^^^^^^^^^^^^^^^^^^
envd_service/route_b.py:1567: in exec
    reply = self.request(
envd_service/route_b.py:1418: in request
    return ch.request(verb, args, fds=tuple(fds))
           ^^^^^^^^^^^^^^^^^^^^^^^^^^^^^^^^^^^^^^
_ _ _ _ _ _ _ _ _ _ _ _ _ _ _ _ _ _ _ _ _ _ _ _ _ _ _ _ _ _ _ _ _ _ _ _ _ _ _ _ 

self = <sandlock.supervise.SuperviseChannel object at 0x7f20ca62c210>
verb = 'exec'
args = {'argv': ['/bin/sh', '-c', '/bin/echo ok'], 'cwd': '/home/user', 'clean_env': True}
fds = (38, 47, 50)

    def request(
        self,
        verb: str,
        args: Dict[str, Any] | None = None,
        fds: Sequence[int] = (),
    ) -> Any:
        """Issue one verb and return the response ``data`` (``ok:true``)."""
        if self._closed:
            raise SandlockError("SuperviseChannel is closed")
        payload = json.dumps({} if args is None else args).encode("utf-8")
        fd_array = None
        n_fds = len(fds)
        if n_fds:
            fd_array = (ctypes.c_int * n_fds)(*(int(fd) for fd in fds))
        err = ctypes.c_int(0)
        err_msg = ctypes.c_void_p()
        resp_p = _lib.sandlock_supervise_request(
            self._h,
            verb.encode("utf-8"),
            payload,
            fd_array,
            n_fds,
            ctypes.byref(err),
            ctypes.byref(err_msg),
        )
        if not resp_p:
            raise SandlockError(_take_err_msg(err_msg) or f"supervise verb {verb!r} failed")
        try:
            raw = ctypes.string_at(resp_p)
            response = json.loads(raw.decode("utf-8"))
        finally:
            _free_string(ctypes.c_void_p(resp_p))
        if not response.get("ok"):
            # F19/SL-13: the refusal's stable code rides the same frame as its
            # prose, so a host can branch on "the generation is over" without
            # parsing the sentence. `code` is None only for a slot older than
            # the field; it is never guessed from the message.
>           raise SlotRefusal(
                response.get("err") or f"supervise verb {verb!r} refused",
                code=response.get("code"),
            )
E           sandlock.exceptions.SlotRefusal: instance exec failed: process error: io error: Broken pipe (os error 32)

/usr/local/lib/python3.14/site-packages/sandlock/supervise.py:249: SlotRefusal
------------------------------ Captured log setup ------------------------------
WARNING  envd_service.executors.sandlock:sandlock.py:2827 sandlock exec failed sandbox_id=sbx_slot_9 instance_name=sbx_slot_9 argv=['/bin/sh', '-c', '/bin/echo ok'] error_type=SlotRefusal error=instance exec failed: process error: io error: Broken pipe (os error 32)
WARNING  envd_service.executors.sandlock:sandlock.py:1136 sandlock exec failure context sandbox_id=sbx_slot_9 exit_code=None argv=['/bin/sh', '-c', '/bin/echo ok'] cwd=/home/user env={} chroot=None rootfs_tools=None dynamic_linker=None ca_bundle=False
_____________ ERROR at setup of test_egress_proxy_deny_out_blocks ______________

self = <envd_service.executors.sandlock.SandlockExecutor object at 0x7f20ca359400>
config = ExecConfig(cmd=['/bin/sh', '-c', '/bin/echo ok'], env={}, cwd='/tmp/tmpkud18vb2-ws', stdin_enabled=False, pty=False, rows=24, cols=80, max_file_size=None)

    async def start(self, config: ExecConfig) -> SandlockRunningProcess:
        """Exec ``config.cmd`` onto the long-lived instance (M4 D3).
    
        PTY commands use the fork-native ``ExecStdio.PTY`` (host-side master,
        resized through ``ExecProcess.resize``) instead of the removed
        in-sandbox bridge; everything else uses ``ExecStdio.PIPED``. Per-exec
        cwd/env/clean_env/bind_ports come from ``_exec_params``. A
        closed/dead failure from ``inst.exec`` -- the in-process FFI's typed
        ``InstanceClosedError``/``InstanceDeadError``, or a route-B slot's
        coded refusal (idle-15min/24h instance expiry surfaces at exec time,
        not construction) -- rebuilds the instance exactly once under the
        lifecycle lock and retries the exec; after an explicit
        ``close()``/shutdown the executor fails loudly
        instead of rebuilding.
        """
        if sandlock is None:
            raise unimplemented("Sandlock is not available on this platform")
        if self._closed:
            raise RuntimeError(
                "sandlock executor is shut down; refusing to start a command "
                "on a rebuilt instance"
            )
        # The normal exec path takes the lifecycle lock around instance
        # creation too, so a concurrent ``update_network`` serializes against
        # it exactly like any other ``_ensure_instance`` caller -- but a
        # route-B creation (spawn + readiness probe) runs off the loop.
        inst = await self._ensure_instance_async()
        if inst is None:
            raise unimplemented("Sandlock is not available on this platform")
        stdio = ExecStdio.PTY if config.pty else ExecStdio.PIPED
        resolved = self.resolve_cmd(config.cmd)
    
        async def _exec_once(target) -> object:
            return await asyncio.to_thread(
                target.exec,
                resolved,
                stdio,
                **self._exec_params(
                    config, bind_ports=self._bind_ports_for(config)
                ),
            )
    
        try:
>           proc = await _exec_once(inst)
                   ^^^^^^^^^^^^^^^^^^^^^^

envd_service/executors/sandlock.py:2813: 
_ _ _ _ _ _ _ _ _ _ _ _ _ _ _ _ _ _ _ _ _ _ _ _ _ _ _ _ _ _ _ _ _ _ _ _ _ _ _ _ 
envd_service/executors/sandlock.py:2803: in _exec_once
    return await asyncio.to_thread(
/usr/local/lib/python3.14/asyncio/threads.py:26: in to_thread
    return await loop.run_in_executor(None, func_call)
           ^^^^^^^^^^^^^^^^^^^^^^^^^^^^^^^^^^^^^^^^^^^
/usr/local/lib/python3.14/concurrent/futures/thread.py:86: in run
    result = ctx.run(self.task)
             ^^^^^^^^^^^^^^^^^^
/usr/local/lib/python3.14/concurrent/futures/thread.py:73: in run
    return fn(*args, **kwargs)
           ^^^^^^^^^^^^^^^^^^^
envd_service/route_b.py:1567: in exec
    reply = self.request(
envd_service/route_b.py:1418: in request
    return ch.request(verb, args, fds=tuple(fds))
           ^^^^^^^^^^^^^^^^^^^^^^^^^^^^^^^^^^^^^^
_ _ _ _ _ _ _ _ _ _ _ _ _ _ _ _ _ _ _ _ _ _ _ _ _ _ _ _ _ _ _ _ _ _ _ _ _ _ _ _ 

self = <sandlock.supervise.SuperviseChannel object at 0x7f20ca62e190>
verb = 'exec'
args = {'argv': ['/bin/sh', '-c', '/bin/echo ok'], 'cwd': '/home/user', 'clean_env': True}
fds = (42, 52, 54)

    def request(
        self,
        verb: str,
        args: Dict[str, Any] | None = None,
        fds: Sequence[int] = (),
    ) -> Any:
        """Issue one verb and return the response ``data`` (``ok:true``)."""
        if self._closed:
            raise SandlockError("SuperviseChannel is closed")
        payload = json.dumps({} if args is None else args).encode("utf-8")
        fd_array = None
        n_fds = len(fds)
        if n_fds:
            fd_array = (ctypes.c_int * n_fds)(*(int(fd) for fd in fds))
        err = ctypes.c_int(0)
        err_msg = ctypes.c_void_p()
        resp_p = _lib.sandlock_supervise_request(
            self._h,
            verb.encode("utf-8"),
            payload,
            fd_array,
            n_fds,
            ctypes.byref(err),
            ctypes.byref(err_msg),
        )
        if not resp_p:
            raise SandlockError(_take_err_msg(err_msg) or f"supervise verb {verb!r} failed")
        try:
            raw = ctypes.string_at(resp_p)
            response = json.loads(raw.decode("utf-8"))
        finally:
            _free_string(ctypes.c_void_p(resp_p))
        if not response.get("ok"):
            # F19/SL-13: the refusal's stable code rides the same frame as its
            # prose, so a host can branch on "the generation is over" without
            # parsing the sentence. `code` is None only for a slot older than
            # the field; it is never guessed from the message.
>           raise SlotRefusal(
                response.get("err") or f"supervise verb {verb!r} refused",
                code=response.get("code"),
            )
E           sandlock.exceptions.SlotRefusal: instance exec failed: process error: instance is closed (shut down, or the init channel closed after the main-exit container end); no new work is accepted

/usr/local/lib/python3.14/site-packages/sandlock/supervise.py:249: SlotRefusal

During handling of the above exception, another exception occurred:

self = <Coroutine test_egress_proxy_deny_out_blocks>

    def setup(self) -> None:
        runner_fixture_id = f"_{self._loop_scope}_scoped_runner"
        if runner_fixture_id not in self.fixturenames:
            self.fixturenames.append(runner_fixture_id)
        # When loop factories are configured, resolve the loop factory
        # fixture early so that a factory variant change cascades cache
        # invalidation before any async fixture checks its cache.
        hook_caller = self.config.hook.pytest_asyncio_loop_factories
        if hook_caller.get_hookimpls():
            _ = self._request.getfixturevalue(_asyncio_loop_factory.__name__)
>       return super().setup()
               ^^^^^^^^^^^^^^^

/usr/local/lib/python3.14/site-packages/pytest_asyncio/plugin.py:558: 
_ _ _ _ _ _ _ _ _ _ _ _ _ _ _ _ _ _ _ _ _ _ _ _ _ _ _ _ _ _ _ _ _ _ _ _ _ _ _ _ 
/usr/local/lib/python3.14/site-packages/pytest_asyncio/plugin.py:926: in pytest_fixture_setup
    return (yield)
            ^^^^^
/Users/polus/project/ai/sandlock-e2b/tests/security/conftest.py:151: in require_sandlock
    ???
/usr/local/lib/python3.14/asyncio/runners.py:205: in run
    return runner.run(main)
           ^^^^^^^^^^^^^^^^
/usr/local/lib/python3.14/asyncio/runners.py:128: in run
    return self._loop.run_until_complete(task)
           ^^^^^^^^^^^^^^^^^^^^^^^^^^^^^^^^^^^
/usr/local/lib/python3.14/asyncio/base_events.py:720: in run_until_complete
    return future.result()
           ^^^^^^^^^^^^^^^
/Users/polus/project/ai/sandlock-e2b/tests/security/conftest.py:272: in run_sh
    ???
envd_service/executors/sandlock.py:2854: in start
    proc = await _exec_once(inst)
           ^^^^^^^^^^^^^^^^^^^^^^
envd_service/executors/sandlock.py:2803: in _exec_once
    return await asyncio.to_thread(
/usr/local/lib/python3.14/asyncio/threads.py:26: in to_thread
    return await loop.run_in_executor(None, func_call)
           ^^^^^^^^^^^^^^^^^^^^^^^^^^^^^^^^^^^^^^^^^^^
/usr/local/lib/python3.14/concurrent/futures/thread.py:86: in run
    result = ctx.run(self.task)
             ^^^^^^^^^^^^^^^^^^
/usr/local/lib/python3.14/concurrent/futures/thread.py:73: in run
    return fn(*args, **kwargs)
           ^^^^^^^^^^^^^^^^^^^
envd_service/route_b.py:1567: in exec
    reply = self.request(
envd_service/route_b.py:1418: in request
    return ch.request(verb, args, fds=tuple(fds))
           ^^^^^^^^^^^^^^^^^^^^^^^^^^^^^^^^^^^^^^
_ _ _ _ _ _ _ _ _ _ _ _ _ _ _ _ _ _ _ _ _ _ _ _ _ _ _ _ _ _ _ _ _ _ _ _ _ _ _ _ 

self = <sandlock.supervise.SuperviseChannel object at 0x7f20ca62eb30>
verb = 'exec'
args = {'argv': ['/bin/sh', '-c', '/bin/echo ok'], 'cwd': '/home/user', 'clean_env': True}
fds = (42, 53, 55)

    def request(
        self,
        verb: str,
        args: Dict[str, Any] | None = None,
        fds: Sequence[int] = (),
    ) -> Any:
        """Issue one verb and return the response ``data`` (``ok:true``)."""
        if self._closed:
            raise SandlockError("SuperviseChannel is closed")
        payload = json.dumps({} if args is None else args).encode("utf-8")
        fd_array = None
        n_fds = len(fds)
        if n_fds:
            fd_array = (ctypes.c_int * n_fds)(*(int(fd) for fd in fds))
        err = ctypes.c_int(0)
        err_msg = ctypes.c_void_p()
        resp_p = _lib.sandlock_supervise_request(
            self._h,
            verb.encode("utf-8"),
            payload,
            fd_array,
            n_fds,
            ctypes.byref(err),
            ctypes.byref(err_msg),
        )
        if not resp_p:
            raise SandlockError(_take_err_msg(err_msg) or f"supervise verb {verb!r} failed")
        try:
            raw = ctypes.string_at(resp_p)
            response = json.loads(raw.decode("utf-8"))
        finally:
            _free_string(ctypes.c_void_p(resp_p))
        if not response.get("ok"):
            # F19/SL-13: the refusal's stable code rides the same frame as its
            # prose, so a host can branch on "the generation is over" without
            # parsing the sentence. `code` is None only for a slot older than
            # the field; it is never guessed from the message.
>           raise SlotRefusal(
                response.get("err") or f"supervise verb {verb!r} refused",
                code=response.get("code"),
            )
E           sandlock.exceptions.SlotRefusal: instance exec failed: process error: instance is closed (shut down, or the init channel closed after the main-exit container end); no new work is accepted

/usr/local/lib/python3.14/site-packages/sandlock/supervise.py:249: SlotRefusal
________ ERROR at setup of test_egress_proxy_wildcard_uses_atyp_domain _________

self = <envd_service.executors.sandlock.SandlockExecutor object at 0x7f20ca35ae40>
config = ExecConfig(cmd=['/bin/sh', '-c', '/bin/echo ok'], env={}, cwd='/tmp/tmpurxs8s47-ws', stdin_enabled=False, pty=False, rows=24, cols=80, max_file_size=None)

    async def start(self, config: ExecConfig) -> SandlockRunningProcess:
        """Exec ``config.cmd`` onto the long-lived instance (M4 D3).
    
        PTY commands use the fork-native ``ExecStdio.PTY`` (host-side master,
        resized through ``ExecProcess.resize``) instead of the removed
        in-sandbox bridge; everything else uses ``ExecStdio.PIPED``. Per-exec
        cwd/env/clean_env/bind_ports come from ``_exec_params``. A
        closed/dead failure from ``inst.exec`` -- the in-process FFI's typed
        ``InstanceClosedError``/``InstanceDeadError``, or a route-B slot's
        coded refusal (idle-15min/24h instance expiry surfaces at exec time,
        not construction) -- rebuilds the instance exactly once under the
        lifecycle lock and retries the exec; after an explicit
        ``close()``/shutdown the executor fails loudly
        instead of rebuilding.
        """
        if sandlock is None:
            raise unimplemented("Sandlock is not available on this platform")
        if self._closed:
            raise RuntimeError(
                "sandlock executor is shut down; refusing to start a command "
                "on a rebuilt instance"
            )
        # The normal exec path takes the lifecycle lock around instance
        # creation too, so a concurrent ``update_network`` serializes against
        # it exactly like any other ``_ensure_instance`` caller -- but a
        # route-B creation (spawn + readiness probe) runs off the loop.
        inst = await self._ensure_instance_async()
        if inst is None:
            raise unimplemented("Sandlock is not available on this platform")
        stdio = ExecStdio.PTY if config.pty else ExecStdio.PIPED
        resolved = self.resolve_cmd(config.cmd)
    
        async def _exec_once(target) -> object:
            return await asyncio.to_thread(
                target.exec,
                resolved,
                stdio,
                **self._exec_params(
                    config, bind_ports=self._bind_ports_for(config)
                ),
            )
    
        try:
>           proc = await _exec_once(inst)
                   ^^^^^^^^^^^^^^^^^^^^^^

envd_service/executors/sandlock.py:2813: 
_ _ _ _ _ _ _ _ _ _ _ _ _ _ _ _ _ _ _ _ _ _ _ _ _ _ _ _ _ _ _ _ _ _ _ _ _ _ _ _ 
envd_service/executors/sandlock.py:2803: in _exec_once
    return await asyncio.to_thread(
/usr/local/lib/python3.14/asyncio/threads.py:26: in to_thread
    return await loop.run_in_executor(None, func_call)
           ^^^^^^^^^^^^^^^^^^^^^^^^^^^^^^^^^^^^^^^^^^^
/usr/local/lib/python3.14/concurrent/futures/thread.py:86: in run
    result = ctx.run(self.task)
             ^^^^^^^^^^^^^^^^^^
/usr/local/lib/python3.14/concurrent/futures/thread.py:73: in run
    return fn(*args, **kwargs)
           ^^^^^^^^^^^^^^^^^^^
envd_service/route_b.py:1567: in exec
    reply = self.request(
envd_service/route_b.py:1418: in request
    return ch.request(verb, args, fds=tuple(fds))
           ^^^^^^^^^^^^^^^^^^^^^^^^^^^^^^^^^^^^^^
_ _ _ _ _ _ _ _ _ _ _ _ _ _ _ _ _ _ _ _ _ _ _ _ _ _ _ _ _ _ _ _ _ _ _ _ _ _ _ _ 

self = <sandlock.supervise.SuperviseChannel object at 0x7f20ca62e9e0>
verb = 'exec'
args = {'argv': ['/bin/sh', '-c', '/bin/echo ok'], 'cwd': '/home/user', 'clean_env': True}
fds = (47, 55, 58)

    def request(
        self,
        verb: str,
        args: Dict[str, Any] | None = None,
        fds: Sequence[int] = (),
    ) -> Any:
        """Issue one verb and return the response ``data`` (``ok:true``)."""
        if self._closed:
            raise SandlockError("SuperviseChannel is closed")
        payload = json.dumps({} if args is None else args).encode("utf-8")
        fd_array = None
        n_fds = len(fds)
        if n_fds:
            fd_array = (ctypes.c_int * n_fds)(*(int(fd) for fd in fds))
        err = ctypes.c_int(0)
        err_msg = ctypes.c_void_p()
        resp_p = _lib.sandlock_supervise_request(
            self._h,
            verb.encode("utf-8"),
            payload,
            fd_array,
            n_fds,
            ctypes.byref(err),
            ctypes.byref(err_msg),
        )
        if not resp_p:
            raise SandlockError(_take_err_msg(err_msg) or f"supervise verb {verb!r} failed")
        try:
            raw = ctypes.string_at(resp_p)
            response = json.loads(raw.decode("utf-8"))
        finally:
            _free_string(ctypes.c_void_p(resp_p))
        if not response.get("ok"):
            # F19/SL-13: the refusal's stable code rides the same frame as its
            # prose, so a host can branch on "the generation is over" without
            # parsing the sentence. `code` is None only for a slot older than
            # the field; it is never guessed from the message.
>           raise SlotRefusal(
                response.get("err") or f"supervise verb {verb!r} refused",
                code=response.get("code"),
            )
E           sandlock.exceptions.SlotRefusal: instance exec failed: process error: instance is closed (shut down, or the init channel closed after the main-exit container end); no new work is accepted

/usr/local/lib/python3.14/site-packages/sandlock/supervise.py:249: SlotRefusal

During handling of the above exception, another exception occurred:

self = <Coroutine test_egress_proxy_wildcard_uses_atyp_domain>

    def setup(self) -> None:
        runner_fixture_id = f"_{self._loop_scope}_scoped_runner"
        if runner_fixture_id not in self.fixturenames:
            self.fixturenames.append(runner_fixture_id)
        # When loop factories are configured, resolve the loop factory
        # fixture early so that a factory variant change cascades cache
        # invalidation before any async fixture checks its cache.
        hook_caller = self.config.hook.pytest_asyncio_loop_factories
        if hook_caller.get_hookimpls():
            _ = self._request.getfixturevalue(_asyncio_loop_factory.__name__)
>       return super().setup()
               ^^^^^^^^^^^^^^^

/usr/local/lib/python3.14/site-packages/pytest_asyncio/plugin.py:558: 
_ _ _ _ _ _ _ _ _ _ _ _ _ _ _ _ _ _ _ _ _ _ _ _ _ _ _ _ _ _ _ _ _ _ _ _ _ _ _ _ 
/usr/local/lib/python3.14/site-packages/pytest_asyncio/plugin.py:926: in pytest_fixture_setup
    return (yield)
            ^^^^^
/Users/polus/project/ai/sandlock-e2b/tests/security/conftest.py:151: in require_sandlock
    ???
/usr/local/lib/python3.14/asyncio/runners.py:205: in run
    return runner.run(main)
           ^^^^^^^^^^^^^^^^
/usr/local/lib/python3.14/asyncio/runners.py:128: in run
    return self._loop.run_until_complete(task)
           ^^^^^^^^^^^^^^^^^^^^^^^^^^^^^^^^^^^
/usr/local/lib/python3.14/asyncio/base_events.py:720: in run_until_complete
    return future.result()
           ^^^^^^^^^^^^^^^
/Users/polus/project/ai/sandlock-e2b/tests/security/conftest.py:272: in run_sh
    ???
envd_service/executors/sandlock.py:2854: in start
    proc = await _exec_once(inst)
           ^^^^^^^^^^^^^^^^^^^^^^
envd_service/executors/sandlock.py:2803: in _exec_once
    return await asyncio.to_thread(
/usr/local/lib/python3.14/asyncio/threads.py:26: in to_thread
    return await loop.run_in_executor(None, func_call)
           ^^^^^^^^^^^^^^^^^^^^^^^^^^^^^^^^^^^^^^^^^^^
/usr/local/lib/python3.14/concurrent/futures/thread.py:86: in run
    result = ctx.run(self.task)
             ^^^^^^^^^^^^^^^^^^
/usr/local/lib/python3.14/concurrent/futures/thread.py:73: in run
    return fn(*args, **kwargs)
           ^^^^^^^^^^^^^^^^^^^
envd_service/route_b.py:1567: in exec
    reply = self.request(
envd_service/route_b.py:1418: in request
    return ch.request(verb, args, fds=tuple(fds))
           ^^^^^^^^^^^^^^^^^^^^^^^^^^^^^^^^^^^^^^
_ _ _ _ _ _ _ _ _ _ _ _ _ _ _ _ _ _ _ _ _ _ _ _ _ _ _ _ _ _ _ _ _ _ _ _ _ _ _ _ 

self = <sandlock.supervise.SuperviseChannel object at 0x7f20ca62ca60>
verb = 'exec'
args = {'argv': ['/bin/sh', '-c', '/bin/echo ok'], 'cwd': '/home/user', 'clean_env': True}
fds = (47, 57, 59)

    def request(
        self,
        verb: str,
        args: Dict[str, Any] | None = None,
        fds: Sequence[int] = (),
    ) -> Any:
        """Issue one verb and return the response ``data`` (``ok:true``)."""
        if self._closed:
            raise SandlockError("SuperviseChannel is closed")
        payload = json.dumps({} if args is None else args).encode("utf-8")
        fd_array = None
        n_fds = len(fds)
        if n_fds:
            fd_array = (ctypes.c_int * n_fds)(*(int(fd) for fd in fds))
        err = ctypes.c_int(0)
        err_msg = ctypes.c_void_p()
        resp_p = _lib.sandlock_supervise_request(
            self._h,
            verb.encode("utf-8"),
            payload,
            fd_array,
            n_fds,
            ctypes.byref(err),
            ctypes.byref(err_msg),
        )
        if not resp_p:
            raise SandlockError(_take_err_msg(err_msg) or f"supervise verb {verb!r} failed")
        try:
            raw = ctypes.string_at(resp_p)
            response = json.loads(raw.decode("utf-8"))
        finally:
            _free_string(ctypes.c_void_p(resp_p))
        if not response.get("ok"):
            # F19/SL-13: the refusal's stable code rides the same frame as its
            # prose, so a host can branch on "the generation is over" without
            # parsing the sentence. `code` is None only for a slot older than
            # the field; it is never guessed from the message.
>           raise SlotRefusal(
                response.get("err") or f"supervise verb {verb!r} refused",
                code=response.get("code"),
            )
E           sandlock.exceptions.SlotRefusal: instance exec failed: process error: instance is closed (shut down, or the init channel closed after the main-exit container end); no new work is accepted

/usr/local/lib/python3.14/site-packages/sandlock/supervise.py:249: SlotRefusal
______ ERROR at setup of test_wildcard_allowout_unprivileged_dns_gateway _______

self = <envd_service.executors.sandlock.SandlockExecutor object at 0x7f20ca35ba10>
config = ExecConfig(cmd=['/bin/sh', '-c', '/bin/echo ok'], env={}, cwd='/tmp/tmpkorc3ex5-ws', stdin_enabled=False, pty=False, rows=24, cols=80, max_file_size=None)

    async def start(self, config: ExecConfig) -> SandlockRunningProcess:
        """Exec ``config.cmd`` onto the long-lived instance (M4 D3).
    
        PTY commands use the fork-native ``ExecStdio.PTY`` (host-side master,
        resized through ``ExecProcess.resize``) instead of the removed
        in-sandbox bridge; everything else uses ``ExecStdio.PIPED``. Per-exec
        cwd/env/clean_env/bind_ports come from ``_exec_params``. A
        closed/dead failure from ``inst.exec`` -- the in-process FFI's typed
        ``InstanceClosedError``/``InstanceDeadError``, or a route-B slot's
        coded refusal (idle-15min/24h instance expiry surfaces at exec time,
        not construction) -- rebuilds the instance exactly once under the
        lifecycle lock and retries the exec; after an explicit
        ``close()``/shutdown the executor fails loudly
        instead of rebuilding.
        """
        if sandlock is None:
            raise unimplemented("Sandlock is not available on this platform")
        if self._closed:
            raise RuntimeError(
                "sandlock executor is shut down; refusing to start a command "
                "on a rebuilt instance"
            )
        # The normal exec path takes the lifecycle lock around instance
        # creation too, so a concurrent ``update_network`` serializes against
        # it exactly like any other ``_ensure_instance`` caller -- but a
        # route-B creation (spawn + readiness probe) runs off the loop.
        inst = await self._ensure_instance_async()
        if inst is None:
            raise unimplemented("Sandlock is not available on this platform")
        stdio = ExecStdio.PTY if config.pty else ExecStdio.PIPED
        resolved = self.resolve_cmd(config.cmd)
    
        async def _exec_once(target) -> object:
            return await asyncio.to_thread(
                target.exec,
                resolved,
                stdio,
                **self._exec_params(
                    config, bind_ports=self._bind_ports_for(config)
                ),
            )
    
        try:
>           proc = await _exec_once(inst)
                   ^^^^^^^^^^^^^^^^^^^^^^

envd_service/executors/sandlock.py:2813: 
_ _ _ _ _ _ _ _ _ _ _ _ _ _ _ _ _ _ _ _ _ _ _ _ _ _ _ _ _ _ _ _ _ _ _ _ _ _ _ _ 
envd_service/executors/sandlock.py:2803: in _exec_once
    return await asyncio.to_thread(
/usr/local/lib/python3.14/asyncio/threads.py:26: in to_thread
    return await loop.run_in_executor(None, func_call)
           ^^^^^^^^^^^^^^^^^^^^^^^^^^^^^^^^^^^^^^^^^^^
/usr/local/lib/python3.14/concurrent/futures/thread.py:86: in run
    result = ctx.run(self.task)
             ^^^^^^^^^^^^^^^^^^
/usr/local/lib/python3.14/concurrent/futures/thread.py:73: in run
    return fn(*args, **kwargs)
           ^^^^^^^^^^^^^^^^^^^
envd_service/route_b.py:1567: in exec
    reply = self.request(
envd_service/route_b.py:1418: in request
    return ch.request(verb, args, fds=tuple(fds))
           ^^^^^^^^^^^^^^^^^^^^^^^^^^^^^^^^^^^^^^
_ _ _ _ _ _ _ _ _ _ _ _ _ _ _ _ _ _ _ _ _ _ _ _ _ _ _ _ _ _ _ _ _ _ _ _ _ _ _ _ 

self = <sandlock.supervise.SuperviseChannel object at 0x7f20ca6511d0>
verb = 'exec'
args = {'argv': ['/bin/sh', '-c', '/bin/echo ok'], 'cwd': '/home/user', 'clean_env': True}
fds = (51, 61, 63)

    def request(
        self,
        verb: str,
        args: Dict[str, Any] | None = None,
        fds: Sequence[int] = (),
    ) -> Any:
        """Issue one verb and return the response ``data`` (``ok:true``)."""
        if self._closed:
            raise SandlockError("SuperviseChannel is closed")
        payload = json.dumps({} if args is None else args).encode("utf-8")
        fd_array = None
        n_fds = len(fds)
        if n_fds:
            fd_array = (ctypes.c_int * n_fds)(*(int(fd) for fd in fds))
        err = ctypes.c_int(0)
        err_msg = ctypes.c_void_p()
        resp_p = _lib.sandlock_supervise_request(
            self._h,
            verb.encode("utf-8"),
            payload,
            fd_array,
            n_fds,
            ctypes.byref(err),
            ctypes.byref(err_msg),
        )
        if not resp_p:
            raise SandlockError(_take_err_msg(err_msg) or f"supervise verb {verb!r} failed")
        try:
            raw = ctypes.string_at(resp_p)
            response = json.loads(raw.decode("utf-8"))
        finally:
            _free_string(ctypes.c_void_p(resp_p))
        if not response.get("ok"):
            # F19/SL-13: the refusal's stable code rides the same frame as its
            # prose, so a host can branch on "the generation is over" without
            # parsing the sentence. `code` is None only for a slot older than
            # the field; it is never guessed from the message.
>           raise SlotRefusal(
                response.get("err") or f"supervise verb {verb!r} refused",
                code=response.get("code"),
            )
E           sandlock.exceptions.SlotRefusal: instance exec failed: process error: instance is closed (shut down, or the init channel closed after the main-exit container end); no new work is accepted

/usr/local/lib/python3.14/site-packages/sandlock/supervise.py:249: SlotRefusal

During handling of the above exception, another exception occurred:

self = <Coroutine test_wildcard_allowout_unprivileged_dns_gateway>

    def setup(self) -> None:
        runner_fixture_id = f"_{self._loop_scope}_scoped_runner"
        if runner_fixture_id not in self.fixturenames:
            self.fixturenames.append(runner_fixture_id)
        # When loop factories are configured, resolve the loop factory
        # fixture early so that a factory variant change cascades cache
        # invalidation before any async fixture checks its cache.
        hook_caller = self.config.hook.pytest_asyncio_loop_factories
        if hook_caller.get_hookimpls():
            _ = self._request.getfixturevalue(_asyncio_loop_factory.__name__)
>       return super().setup()
               ^^^^^^^^^^^^^^^

/usr/local/lib/python3.14/site-packages/pytest_asyncio/plugin.py:558: 
_ _ _ _ _ _ _ _ _ _ _ _ _ _ _ _ _ _ _ _ _ _ _ _ _ _ _ _ _ _ _ _ _ _ _ _ _ _ _ _ 
/usr/local/lib/python3.14/site-packages/pytest_asyncio/plugin.py:926: in pytest_fixture_setup
    return (yield)
            ^^^^^
/Users/polus/project/ai/sandlock-e2b/tests/security/conftest.py:151: in require_sandlock
    ???
/usr/local/lib/python3.14/asyncio/runners.py:205: in run
    return runner.run(main)
           ^^^^^^^^^^^^^^^^
/usr/local/lib/python3.14/asyncio/runners.py:128: in run
    return self._loop.run_until_complete(task)
           ^^^^^^^^^^^^^^^^^^^^^^^^^^^^^^^^^^^
/usr/local/lib/python3.14/asyncio/base_events.py:720: in run_until_complete
    return future.result()
           ^^^^^^^^^^^^^^^
/Users/polus/project/ai/sandlock-e2b/tests/security/conftest.py:272: in run_sh
    ???
envd_service/executors/sandlock.py:2854: in start
    proc = await _exec_once(inst)
           ^^^^^^^^^^^^^^^^^^^^^^
envd_service/executors/sandlock.py:2803: in _exec_once
    return await asyncio.to_thread(
/usr/local/lib/python3.14/asyncio/threads.py:26: in to_thread
    return await loop.run_in_executor(None, func_call)
           ^^^^^^^^^^^^^^^^^^^^^^^^^^^^^^^^^^^^^^^^^^^
/usr/local/lib/python3.14/concurrent/futures/thread.py:86: in run
    result = ctx.run(self.task)
             ^^^^^^^^^^^^^^^^^^
/usr/local/lib/python3.14/concurrent/futures/thread.py:73: in run
    return fn(*args, **kwargs)
           ^^^^^^^^^^^^^^^^^^^
envd_service/route_b.py:1567: in exec
    reply = self.request(
envd_service/route_b.py:1418: in request
    return ch.request(verb, args, fds=tuple(fds))
           ^^^^^^^^^^^^^^^^^^^^^^^^^^^^^^^^^^^^^^
_ _ _ _ _ _ _ _ _ _ _ _ _ _ _ _ _ _ _ _ _ _ _ _ _ _ _ _ _ _ _ _ _ _ _ _ _ _ _ _ 

self = <sandlock.supervise.SuperviseChannel object at 0x7f20ca653e00>
verb = 'exec'
args = {'argv': ['/bin/sh', '-c', '/bin/echo ok'], 'cwd': '/home/user', 'clean_env': True}
fds = (51, 62, 64)

    def request(
        self,
        verb: str,
        args: Dict[str, Any] | None = None,
        fds: Sequence[int] = (),
    ) -> Any:
        """Issue one verb and return the response ``data`` (``ok:true``)."""
        if self._closed:
            raise SandlockError("SuperviseChannel is closed")
        payload = json.dumps({} if args is None else args).encode("utf-8")
        fd_array = None
        n_fds = len(fds)
        if n_fds:
            fd_array = (ctypes.c_int * n_fds)(*(int(fd) for fd in fds))
        err = ctypes.c_int(0)
        err_msg = ctypes.c_void_p()
        resp_p = _lib.sandlock_supervise_request(
            self._h,
            verb.encode("utf-8"),
            payload,
            fd_array,
            n_fds,
            ctypes.byref(err),
            ctypes.byref(err_msg),
        )
        if not resp_p:
            raise SandlockError(_take_err_msg(err_msg) or f"supervise verb {verb!r} failed")
        try:
            raw = ctypes.string_at(resp_p)
            response = json.loads(raw.decode("utf-8"))
        finally:
            _free_string(ctypes.c_void_p(resp_p))
        if not response.get("ok"):
            # F19/SL-13: the refusal's stable code rides the same frame as its
            # prose, so a host can branch on "the generation is over" without
            # parsing the sentence. `code` is None only for a slot older than
            # the field; it is never guessed from the message.
>           raise SlotRefusal(
                response.get("err") or f"supervise verb {verb!r} refused",
                code=response.get("code"),
            )
E           sandlock.exceptions.SlotRefusal: instance exec failed: process error: instance is closed (shut down, or the init channel closed after the main-exit container end); no new work is accepted

/usr/local/lib/python3.14/site-packages/sandlock/supervise.py:249: SlotRefusal
________ ERROR at setup of test_header_inject_and_host_mask_on_the_wire ________

self = <Coroutine test_header_inject_and_host_mask_on_the_wire>

    def setup(self) -> None:
        runner_fixture_id = f"_{self._loop_scope}_scoped_runner"
        if runner_fixture_id not in self.fixturenames:
            self.fixturenames.append(runner_fixture_id)
        # When loop factories are configured, resolve the loop factory
        # fixture early so that a factory variant change cascades cache
        # invalidation before any async fixture checks its cache.
        hook_caller = self.config.hook.pytest_asyncio_loop_factories
        if hook_caller.get_hookimpls():
            _ = self._request.getfixturevalue(_asyncio_loop_factory.__name__)
>       return super().setup()
               ^^^^^^^^^^^^^^^

/usr/local/lib/python3.14/site-packages/pytest_asyncio/plugin.py:558: 
_ _ _ _ _ _ _ _ _ _ _ _ _ _ _ _ _ _ _ _ _ _ _ _ _ _ _ _ _ _ _ _ _ _ _ _ _ _ _ _ 
/usr/local/lib/python3.14/site-packages/pytest_asyncio/plugin.py:926: in pytest_fixture_setup
    return (yield)
            ^^^^^
/Users/polus/project/ai/sandlock-e2b/tests/security/conftest.py:151: in require_sandlock
    ???
/usr/local/lib/python3.14/asyncio/runners.py:205: in run
    return runner.run(main)
           ^^^^^^^^^^^^^^^^
/usr/local/lib/python3.14/asyncio/runners.py:128: in run
    return self._loop.run_until_complete(task)
           ^^^^^^^^^^^^^^^^^^^^^^^^^^^^^^^^^^^
/usr/local/lib/python3.14/asyncio/base_events.py:720: in run_until_complete
    return future.result()
           ^^^^^^^^^^^^^^^
/Users/polus/project/ai/sandlock-e2b/tests/security/conftest.py:272: in run_sh
    ???
envd_service/executors/sandlock.py:2813: in start
    proc = await _exec_once(inst)
           ^^^^^^^^^^^^^^^^^^^^^^
envd_service/executors/sandlock.py:2803: in _exec_once
    return await asyncio.to_thread(
/usr/local/lib/python3.14/asyncio/threads.py:26: in to_thread
    return await loop.run_in_executor(None, func_call)
           ^^^^^^^^^^^^^^^^^^^^^^^^^^^^^^^^^^^^^^^^^^^
/usr/local/lib/python3.14/concurrent/futures/thread.py:86: in run
    result = ctx.run(self.task)
             ^^^^^^^^^^^^^^^^^^
/usr/local/lib/python3.14/concurrent/futures/thread.py:73: in run
    return fn(*args, **kwargs)
           ^^^^^^^^^^^^^^^^^^^
envd_service/route_b.py:1567: in exec
    reply = self.request(
envd_service/route_b.py:1418: in request
    return ch.request(verb, args, fds=tuple(fds))
           ^^^^^^^^^^^^^^^^^^^^^^^^^^^^^^^^^^^^^^
_ _ _ _ _ _ _ _ _ _ _ _ _ _ _ _ _ _ _ _ _ _ _ _ _ _ _ _ _ _ _ _ _ _ _ _ _ _ _ _ 

self = <sandlock.supervise.SuperviseChannel object at 0x7f20ca652510>
verb = 'exec'
args = {'argv': ['/bin/sh', '-c', '/bin/echo ok'], 'cwd': '/home/user', 'clean_env': True}
fds = (54, 63, 66)

    def request(
        self,
        verb: str,
        args: Dict[str, Any] | None = None,
        fds: Sequence[int] = (),
    ) -> Any:
        """Issue one verb and return the response ``data`` (``ok:true``)."""
        if self._closed:
            raise SandlockError("SuperviseChannel is closed")
        payload = json.dumps({} if args is None else args).encode("utf-8")
        fd_array = None
        n_fds = len(fds)
        if n_fds:
            fd_array = (ctypes.c_int * n_fds)(*(int(fd) for fd in fds))
        err = ctypes.c_int(0)
        err_msg = ctypes.c_void_p()
        resp_p = _lib.sandlock_supervise_request(
            self._h,
            verb.encode("utf-8"),
            payload,
            fd_array,
            n_fds,
            ctypes.byref(err),
            ctypes.byref(err_msg),
        )
        if not resp_p:
            raise SandlockError(_take_err_msg(err_msg) or f"supervise verb {verb!r} failed")
        try:
            raw = ctypes.string_at(resp_p)
            response = json.loads(raw.decode("utf-8"))
        finally:
            _free_string(ctypes.c_void_p(resp_p))
        if not response.get("ok"):
            # F19/SL-13: the refusal's stable code rides the same frame as its
            # prose, so a host can branch on "the generation is over" without
            # parsing the sentence. `code` is None only for a slot older than
            # the field; it is never guessed from the message.
>           raise SlotRefusal(
                response.get("err") or f"supervise verb {verb!r} refused",
                code=response.get("code"),
            )
E           sandlock.exceptions.SlotRefusal: instance exec failed: process error: io error: Broken pipe (os error 32)

/usr/local/lib/python3.14/site-packages/sandlock/supervise.py:249: SlotRefusal
------------------------------ Captured log setup ------------------------------
WARNING  envd_service.executors.sandlock:sandlock.py:2827 sandlock exec failed sandbox_id=sbx_slot_13 instance_name=sbx_slot_13 argv=['/bin/sh', '-c', '/bin/echo ok'] error_type=SlotRefusal error=instance exec failed: process error: io error: Broken pipe (os error 32)
WARNING  envd_service.executors.sandlock:sandlock.py:1136 sandlock exec failure context sandbox_id=sbx_slot_13 exit_code=None argv=['/bin/sh', '-c', '/bin/echo ok'] cwd=/home/user env={} chroot=None rootfs_tools=None dynamic_linker=None ca_bundle=False
____________ ERROR at setup of test_sandbox_child_runs_unprivileged ____________

self = <envd_service.executors.sandlock.SandlockExecutor object at 0x7f20ca35bcb0>
config = ExecConfig(cmd=['/bin/sh', '-c', '/bin/echo ok'], env={}, cwd='/tmp/tmpmfknksqa-ws', stdin_enabled=False, pty=False, rows=24, cols=80, max_file_size=None)

    async def start(self, config: ExecConfig) -> SandlockRunningProcess:
        """Exec ``config.cmd`` onto the long-lived instance (M4 D3).
    
        PTY commands use the fork-native ``ExecStdio.PTY`` (host-side master,
        resized through ``ExecProcess.resize``) instead of the removed
        in-sandbox bridge; everything else uses ``ExecStdio.PIPED``. Per-exec
        cwd/env/clean_env/bind_ports come from ``_exec_params``. A
        closed/dead failure from ``inst.exec`` -- the in-process FFI's typed
        ``InstanceClosedError``/``InstanceDeadError``, or a route-B slot's
        coded refusal (idle-15min/24h instance expiry surfaces at exec time,
        not construction) -- rebuilds the instance exactly once under the
        lifecycle lock and retries the exec; after an explicit
        ``close()``/shutdown the executor fails loudly
        instead of rebuilding.
        """
        if sandlock is None:
            raise unimplemented("Sandlock is not available on this platform")
        if self._closed:
            raise RuntimeError(
                "sandlock executor is shut down; refusing to start a command "
                "on a rebuilt instance"
            )
        # The normal exec path takes the lifecycle lock around instance
        # creation too, so a concurrent ``update_network`` serializes against
        # it exactly like any other ``_ensure_instance`` caller -- but a
        # route-B creation (spawn + readiness probe) runs off the loop.
        inst = await self._ensure_instance_async()
        if inst is None:
            raise unimplemented("Sandlock is not available on this platform")
        stdio = ExecStdio.PTY if config.pty else ExecStdio.PIPED
        resolved = self.resolve_cmd(config.cmd)
    
        async def _exec_once(target) -> object:
            return await asyncio.to_thread(
                target.exec,
                resolved,
                stdio,
                **self._exec_params(
                    config, bind_ports=self._bind_ports_for(config)
                ),
            )
    
        try:
>           proc = await _exec_once(inst)
                   ^^^^^^^^^^^^^^^^^^^^^^

envd_service/executors/sandlock.py:2813: 
_ _ _ _ _ _ _ _ _ _ _ _ _ _ _ _ _ _ _ _ _ _ _ _ _ _ _ _ _ _ _ _ _ _ _ _ _ _ _ _ 
envd_service/executors/sandlock.py:2803: in _exec_once
    return await asyncio.to_thread(
/usr/local/lib/python3.14/asyncio/threads.py:26: in to_thread
    return await loop.run_in_executor(None, func_call)
           ^^^^^^^^^^^^^^^^^^^^^^^^^^^^^^^^^^^^^^^^^^^
/usr/local/lib/python3.14/concurrent/futures/thread.py:86: in run
    result = ctx.run(self.task)
             ^^^^^^^^^^^^^^^^^^
/usr/local/lib/python3.14/concurrent/futures/thread.py:73: in run
    return fn(*args, **kwargs)
           ^^^^^^^^^^^^^^^^^^^
envd_service/route_b.py:1567: in exec
    reply = self.request(
envd_service/route_b.py:1418: in request
    return ch.request(verb, args, fds=tuple(fds))
           ^^^^^^^^^^^^^^^^^^^^^^^^^^^^^^^^^^^^^^
_ _ _ _ _ _ _ _ _ _ _ _ _ _ _ _ _ _ _ _ _ _ _ _ _ _ _ _ _ _ _ _ _ _ _ _ _ _ _ _ 

self = <sandlock.supervise.SuperviseChannel object at 0x7f20ca6847c0>
verb = 'exec'
args = {'argv': ['/bin/sh', '-c', '/bin/echo ok'], 'cwd': '/home/user', 'clean_env': True}
fds = (58, 68, 70)

    def request(
        self,
        verb: str,
        args: Dict[str, Any] | None = None,
        fds: Sequence[int] = (),
    ) -> Any:
        """Issue one verb and return the response ``data`` (``ok:true``)."""
        if self._closed:
            raise SandlockError("SuperviseChannel is closed")
        payload = json.dumps({} if args is None else args).encode("utf-8")
        fd_array = None
        n_fds = len(fds)
        if n_fds:
            fd_array = (ctypes.c_int * n_fds)(*(int(fd) for fd in fds))
        err = ctypes.c_int(0)
        err_msg = ctypes.c_void_p()
        resp_p = _lib.sandlock_supervise_request(
            self._h,
            verb.encode("utf-8"),
            payload,
            fd_array,
            n_fds,
            ctypes.byref(err),
            ctypes.byref(err_msg),
        )
        if not resp_p:
            raise SandlockError(_take_err_msg(err_msg) or f"supervise verb {verb!r} failed")
        try:
            raw = ctypes.string_at(resp_p)
            response = json.loads(raw.decode("utf-8"))
        finally:
            _free_string(ctypes.c_void_p(resp_p))
        if not response.get("ok"):
            # F19/SL-13: the refusal's stable code rides the same frame as its
            # prose, so a host can branch on "the generation is over" without
            # parsing the sentence. `code` is None only for a slot older than
            # the field; it is never guessed from the message.
>           raise SlotRefusal(
                response.get("err") or f"supervise verb {verb!r} refused",
                code=response.get("code"),
            )
E           sandlock.exceptions.SlotRefusal: instance exec failed: process error: instance is closed (shut down, or the init channel closed after the main-exit container end); no new work is accepted

/usr/local/lib/python3.14/site-packages/sandlock/supervise.py:249: SlotRefusal

During handling of the above exception, another exception occurred:

self = <Coroutine test_sandbox_child_runs_unprivileged>

    def setup(self) -> None:
        runner_fixture_id = f"_{self._loop_scope}_scoped_runner"
        if runner_fixture_id not in self.fixturenames:
            self.fixturenames.append(runner_fixture_id)
        # When loop factories are configured, resolve the loop factory
        # fixture early so that a factory variant change cascades cache
        # invalidation before any async fixture checks its cache.
        hook_caller = self.config.hook.pytest_asyncio_loop_factories
        if hook_caller.get_hookimpls():
            _ = self._request.getfixturevalue(_asyncio_loop_factory.__name__)
>       return super().setup()
               ^^^^^^^^^^^^^^^

/usr/local/lib/python3.14/site-packages/pytest_asyncio/plugin.py:558: 
_ _ _ _ _ _ _ _ _ _ _ _ _ _ _ _ _ _ _ _ _ _ _ _ _ _ _ _ _ _ _ _ _ _ _ _ _ _ _ _ 
/usr/local/lib/python3.14/site-packages/pytest_asyncio/plugin.py:926: in pytest_fixture_setup
    return (yield)
            ^^^^^
/Users/polus/project/ai/sandlock-e2b/tests/security/conftest.py:151: in require_sandlock
    ???
/usr/local/lib/python3.14/asyncio/runners.py:205: in run
    return runner.run(main)
           ^^^^^^^^^^^^^^^^
/usr/local/lib/python3.14/asyncio/runners.py:128: in run
    return self._loop.run_until_complete(task)
           ^^^^^^^^^^^^^^^^^^^^^^^^^^^^^^^^^^^
/usr/local/lib/python3.14/asyncio/base_events.py:720: in run_until_complete
    return future.result()
           ^^^^^^^^^^^^^^^
/Users/polus/project/ai/sandlock-e2b/tests/security/conftest.py:272: in run_sh
    ???
envd_service/executors/sandlock.py:2854: in start
    proc = await _exec_once(inst)
           ^^^^^^^^^^^^^^^^^^^^^^
envd_service/executors/sandlock.py:2803: in _exec_once
    return await asyncio.to_thread(
/usr/local/lib/python3.14/asyncio/threads.py:26: in to_thread
    return await loop.run_in_executor(None, func_call)
           ^^^^^^^^^^^^^^^^^^^^^^^^^^^^^^^^^^^^^^^^^^^
/usr/local/lib/python3.14/concurrent/futures/thread.py:86: in run
    result = ctx.run(self.task)
             ^^^^^^^^^^^^^^^^^^
/usr/local/lib/python3.14/concurrent/futures/thread.py:73: in run
    return fn(*args, **kwargs)
           ^^^^^^^^^^^^^^^^^^^
envd_service/route_b.py:1567: in exec
    reply = self.request(
envd_service/route_b.py:1418: in request
    return ch.request(verb, args, fds=tuple(fds))
           ^^^^^^^^^^^^^^^^^^^^^^^^^^^^^^^^^^^^^^
_ _ _ _ _ _ _ _ _ _ _ _ _ _ _ _ _ _ _ _ _ _ _ _ _ _ _ _ _ _ _ _ _ _ _ _ _ _ _ _ 

self = <sandlock.supervise.SuperviseChannel object at 0x7f20ca6842f0>
verb = 'exec'
args = {'argv': ['/bin/sh', '-c', '/bin/echo ok'], 'cwd': '/home/user', 'clean_env': True}
fds = (58, 69, 71)

    def request(
        self,
        verb: str,
        args: Dict[str, Any] | None = None,
        fds: Sequence[int] = (),
    ) -> Any:
        """Issue one verb and return the response ``data`` (``ok:true``)."""
        if self._closed:
            raise SandlockError("SuperviseChannel is closed")
        payload = json.dumps({} if args is None else args).encode("utf-8")
        fd_array = None
        n_fds = len(fds)
        if n_fds:
            fd_array = (ctypes.c_int * n_fds)(*(int(fd) for fd in fds))
        err = ctypes.c_int(0)
        err_msg = ctypes.c_void_p()
        resp_p = _lib.sandlock_supervise_request(
            self._h,
            verb.encode("utf-8"),
            payload,
            fd_array,
            n_fds,
            ctypes.byref(err),
            ctypes.byref(err_msg),
        )
        if not resp_p:
            raise SandlockError(_take_err_msg(err_msg) or f"supervise verb {verb!r} failed")
        try:
            raw = ctypes.string_at(resp_p)
            response = json.loads(raw.decode("utf-8"))
        finally:
            _free_string(ctypes.c_void_p(resp_p))
        if not response.get("ok"):
            # F19/SL-13: the refusal's stable code rides the same frame as its
            # prose, so a host can branch on "the generation is over" without
            # parsing the sentence. `code` is None only for a slot older than
            # the field; it is never guessed from the message.
>           raise SlotRefusal(
                response.get("err") or f"supervise verb {verb!r} refused",
                code=response.get("code"),
            )
E           sandlock.exceptions.SlotRefusal: instance exec failed: process error: instance is closed (shut down, or the init channel closed after the main-exit container end); no new work is accepted

/usr/local/lib/python3.14/site-packages/sandlock/supervise.py:249: SlotRefusal
_________ ERROR at setup of test_https_mitm_ca_spliced_in_image_rootfs _________

self = <envd_service.executors.sandlock.SandlockExecutor object at 0x7f20ca2e16a0>
config = ExecConfig(cmd=['/bin/sh', '-c', '/bin/echo ok'], env={}, cwd='/tmp/tmpnrtas6r6-ws', stdin_enabled=False, pty=False, rows=24, cols=80, max_file_size=None)

    async def start(self, config: ExecConfig) -> SandlockRunningProcess:
        """Exec ``config.cmd`` onto the long-lived instance (M4 D3).
    
        PTY commands use the fork-native ``ExecStdio.PTY`` (host-side master,
        resized through ``ExecProcess.resize``) instead of the removed
        in-sandbox bridge; everything else uses ``ExecStdio.PIPED``. Per-exec
        cwd/env/clean_env/bind_ports come from ``_exec_params``. A
        closed/dead failure from ``inst.exec`` -- the in-process FFI's typed
        ``InstanceClosedError``/``InstanceDeadError``, or a route-B slot's
        coded refusal (idle-15min/24h instance expiry surfaces at exec time,
        not construction) -- rebuilds the instance exactly once under the
        lifecycle lock and retries the exec; after an explicit
        ``close()``/shutdown the executor fails loudly
        instead of rebuilding.
        """
        if sandlock is None:
            raise unimplemented("Sandlock is not available on this platform")
        if self._closed:
            raise RuntimeError(
                "sandlock executor is shut down; refusing to start a command "
                "on a rebuilt instance"
            )
        # The normal exec path takes the lifecycle lock around instance
        # creation too, so a concurrent ``update_network`` serializes against
        # it exactly like any other ``_ensure_instance`` caller -- but a
        # route-B creation (spawn + readiness probe) runs off the loop.
        inst = await self._ensure_instance_async()
        if inst is None:
            raise unimplemented("Sandlock is not available on this platform")
        stdio = ExecStdio.PTY if config.pty else ExecStdio.PIPED
        resolved = self.resolve_cmd(config.cmd)
    
        async def _exec_once(target) -> object:
            return await asyncio.to_thread(
                target.exec,
                resolved,
                stdio,
                **self._exec_params(
                    config, bind_ports=self._bind_ports_for(config)
                ),
            )
    
        try:
>           proc = await _exec_once(inst)
                   ^^^^^^^^^^^^^^^^^^^^^^

envd_service/executors/sandlock.py:2813: 
_ _ _ _ _ _ _ _ _ _ _ _ _ _ _ _ _ _ _ _ _ _ _ _ _ _ _ _ _ _ _ _ _ _ _ _ _ _ _ _ 
envd_service/executors/sandlock.py:2803: in _exec_once
    return await asyncio.to_thread(
/usr/local/lib/python3.14/asyncio/threads.py:26: in to_thread
    return await loop.run_in_executor(None, func_call)
           ^^^^^^^^^^^^^^^^^^^^^^^^^^^^^^^^^^^^^^^^^^^
/usr/local/lib/python3.14/concurrent/futures/thread.py:86: in run
    result = ctx.run(self.task)
             ^^^^^^^^^^^^^^^^^^
/usr/local/lib/python3.14/concurrent/futures/thread.py:73: in run
    return fn(*args, **kwargs)
           ^^^^^^^^^^^^^^^^^^^
envd_service/route_b.py:1567: in exec
    reply = self.request(
envd_service/route_b.py:1418: in request
    return ch.request(verb, args, fds=tuple(fds))
           ^^^^^^^^^^^^^^^^^^^^^^^^^^^^^^^^^^^^^^
_ _ _ _ _ _ _ _ _ _ _ _ _ _ _ _ _ _ _ _ _ _ _ _ _ _ _ _ _ _ _ _ _ _ _ _ _ _ _ _ 

self = <sandlock.supervise.SuperviseChannel object at 0x7f20ca684ec0>
verb = 'exec'
args = {'argv': ['/bin/sh', '-c', '/bin/echo ok'], 'cwd': '/home/user', 'clean_env': True}
fds = (84, 106, 109)

    def request(
        self,
        verb: str,
        args: Dict[str, Any] | None = None,
        fds: Sequence[int] = (),
    ) -> Any:
        """Issue one verb and return the response ``data`` (``ok:true``)."""
        if self._closed:
            raise SandlockError("SuperviseChannel is closed")
        payload = json.dumps({} if args is None else args).encode("utf-8")
        fd_array = None
        n_fds = len(fds)
        if n_fds:
            fd_array = (ctypes.c_int * n_fds)(*(int(fd) for fd in fds))
        err = ctypes.c_int(0)
        err_msg = ctypes.c_void_p()
        resp_p = _lib.sandlock_supervise_request(
            self._h,
            verb.encode("utf-8"),
            payload,
            fd_array,
            n_fds,
            ctypes.byref(err),
            ctypes.byref(err_msg),
        )
        if not resp_p:
            raise SandlockError(_take_err_msg(err_msg) or f"supervise verb {verb!r} failed")
        try:
            raw = ctypes.string_at(resp_p)
            response = json.loads(raw.decode("utf-8"))
        finally:
            _free_string(ctypes.c_void_p(resp_p))
        if not response.get("ok"):
            # F19/SL-13: the refusal's stable code rides the same frame as its
            # prose, so a host can branch on "the generation is over" without
            # parsing the sentence. `code` is None only for a slot older than
            # the field; it is never guessed from the message.
>           raise SlotRefusal(
                response.get("err") or f"supervise verb {verb!r} refused",
                code=response.get("code"),
            )
E           sandlock.exceptions.SlotRefusal: instance exec failed: process error: instance is closed (shut down, or the init channel closed after the main-exit container end); no new work is accepted

/usr/local/lib/python3.14/site-packages/sandlock/supervise.py:249: SlotRefusal

During handling of the above exception, another exception occurred:

self = <Coroutine test_https_mitm_ca_spliced_in_image_rootfs>

    def setup(self) -> None:
        runner_fixture_id = f"_{self._loop_scope}_scoped_runner"
        if runner_fixture_id not in self.fixturenames:
            self.fixturenames.append(runner_fixture_id)
        # When loop factories are configured, resolve the loop factory
        # fixture early so that a factory variant change cascades cache
        # invalidation before any async fixture checks its cache.
        hook_caller = self.config.hook.pytest_asyncio_loop_factories
        if hook_caller.get_hookimpls():
            _ = self._request.getfixturevalue(_asyncio_loop_factory.__name__)
>       return super().setup()
               ^^^^^^^^^^^^^^^

/usr/local/lib/python3.14/site-packages/pytest_asyncio/plugin.py:558: 
_ _ _ _ _ _ _ _ _ _ _ _ _ _ _ _ _ _ _ _ _ _ _ _ _ _ _ _ _ _ _ _ _ _ _ _ _ _ _ _ 
/usr/local/lib/python3.14/site-packages/pytest_asyncio/plugin.py:926: in pytest_fixture_setup
    return (yield)
            ^^^^^
/Users/polus/project/ai/sandlock-e2b/tests/security/conftest.py:151: in require_sandlock
    ???
/usr/local/lib/python3.14/asyncio/runners.py:205: in run
    return runner.run(main)
           ^^^^^^^^^^^^^^^^
/usr/local/lib/python3.14/asyncio/runners.py:128: in run
    return self._loop.run_until_complete(task)
           ^^^^^^^^^^^^^^^^^^^^^^^^^^^^^^^^^^^
/usr/local/lib/python3.14/asyncio/base_events.py:720: in run_until_complete
    return future.result()
           ^^^^^^^^^^^^^^^
/Users/polus/project/ai/sandlock-e2b/tests/security/conftest.py:272: in run_sh
    ???
envd_service/executors/sandlock.py:2854: in start
    proc = await _exec_once(inst)
           ^^^^^^^^^^^^^^^^^^^^^^
envd_service/executors/sandlock.py:2803: in _exec_once
    return await asyncio.to_thread(
/usr/local/lib/python3.14/asyncio/threads.py:26: in to_thread
    return await loop.run_in_executor(None, func_call)
           ^^^^^^^^^^^^^^^^^^^^^^^^^^^^^^^^^^^^^^^^^^^
/usr/local/lib/python3.14/concurrent/futures/thread.py:86: in run
    result = ctx.run(self.task)
             ^^^^^^^^^^^^^^^^^^
/usr/local/lib/python3.14/concurrent/futures/thread.py:73: in run
    return fn(*args, **kwargs)
           ^^^^^^^^^^^^^^^^^^^
envd_service/route_b.py:1567: in exec
    reply = self.request(
envd_service/route_b.py:1418: in request
    return ch.request(verb, args, fds=tuple(fds))
           ^^^^^^^^^^^^^^^^^^^^^^^^^^^^^^^^^^^^^^
_ _ _ _ _ _ _ _ _ _ _ _ _ _ _ _ _ _ _ _ _ _ _ _ _ _ _ _ _ _ _ _ _ _ _ _ _ _ _ _ 

self = <sandlock.supervise.SuperviseChannel object at 0x7f20d0113000>
verb = 'exec'
args = {'argv': ['/bin/sh', '-c', '/bin/echo ok'], 'cwd': '/home/user', 'clean_env': True}
fds = (99, 107, 110)

    def request(
        self,
        verb: str,
        args: Dict[str, Any] | None = None,
        fds: Sequence[int] = (),
    ) -> Any:
        """Issue one verb and return the response ``data`` (``ok:true``)."""
        if self._closed:
            raise SandlockError("SuperviseChannel is closed")
        payload = json.dumps({} if args is None else args).encode("utf-8")
        fd_array = None
        n_fds = len(fds)
        if n_fds:
            fd_array = (ctypes.c_int * n_fds)(*(int(fd) for fd in fds))
        err = ctypes.c_int(0)
        err_msg = ctypes.c_void_p()
        resp_p = _lib.sandlock_supervise_request(
            self._h,
            verb.encode("utf-8"),
            payload,
            fd_array,
            n_fds,
            ctypes.byref(err),
            ctypes.byref(err_msg),
        )
        if not resp_p:
            raise SandlockError(_take_err_msg(err_msg) or f"supervise verb {verb!r} failed")
        try:
            raw = ctypes.string_at(resp_p)
            response = json.loads(raw.decode("utf-8"))
        finally:
            _free_string(ctypes.c_void_p(resp_p))
        if not response.get("ok"):
            # F19/SL-13: the refusal's stable code rides the same frame as its
            # prose, so a host can branch on "the generation is over" without
            # parsing the sentence. `code` is None only for a slot older than
            # the field; it is never guessed from the message.
>           raise SlotRefusal(
                response.get("err") or f"supervise verb {verb!r} refused",
                code=response.get("code"),
            )
E           sandlock.exceptions.SlotRefusal: instance exec failed: process error: instance is closed (shut down, or the init channel closed after the main-exit container end); no new work is accepted

/usr/local/lib/python3.14/site-packages/sandlock/supervise.py:249: SlotRefusal
------------------------------ Captured log setup ------------------------------
WARNING  control_plane.registry.secrets:secrets.py:183 E2B_SECRET_MASTER_KEY is not configured: secrets are stored without at-rest encryption and are not persisted to Redis (degraded mode; configure the key in production)
WARNING  envd_service.xfs_quota:xfs_quota.py:1441 XFS project quota unavailable for /var/lib/e2b-test-runtime/multinode-two/worker-1: filesystem is overlay, not xfs
WARNING  envd_service.xfs_quota:xfs_quota.py:1441 XFS project quota unavailable for /var/lib/e2b-test-runtime/multinode-two/worker-2: filesystem is overlay, not xfs
_____________ ERROR at setup of test_sdk_iam_token_injected_as_jwt _____________

self = <Coroutine test_sdk_iam_token_injected_as_jwt>

    def setup(self) -> None:
        runner_fixture_id = f"_{self._loop_scope}_scoped_runner"
        if runner_fixture_id not in self.fixturenames:
            self.fixturenames.append(runner_fixture_id)
        # When loop factories are configured, resolve the loop factory
        # fixture early so that a factory variant change cascades cache
        # invalidation before any async fixture checks its cache.
        hook_caller = self.config.hook.pytest_asyncio_loop_factories
        if hook_caller.get_hookimpls():
            _ = self._request.getfixturevalue(_asyncio_loop_factory.__name__)
>       return super().setup()
               ^^^^^^^^^^^^^^^

/usr/local/lib/python3.14/site-packages/pytest_asyncio/plugin.py:558: 
_ _ _ _ _ _ _ _ _ _ _ _ _ _ _ _ _ _ _ _ _ _ _ _ _ _ _ _ _ _ _ _ _ _ _ _ _ _ _ _ 
/usr/local/lib/python3.14/site-packages/pytest_asyncio/plugin.py:926: in pytest_fixture_setup
    return (yield)
            ^^^^^
/Users/polus/project/ai/sandlock-e2b/tests/security/conftest.py:151: in require_sandlock
    ???
/usr/local/lib/python3.14/asyncio/runners.py:205: in run
    return runner.run(main)
           ^^^^^^^^^^^^^^^^
/usr/local/lib/python3.14/asyncio/runners.py:128: in run
    return self._loop.run_until_complete(task)
           ^^^^^^^^^^^^^^^^^^^^^^^^^^^^^^^^^^^
/usr/local/lib/python3.14/asyncio/base_events.py:720: in run_until_complete
    return future.result()
           ^^^^^^^^^^^^^^^
/Users/polus/project/ai/sandlock-e2b/tests/security/conftest.py:272: in run_sh
    ???
envd_service/executors/sandlock.py:2813: in start
    proc = await _exec_once(inst)
           ^^^^^^^^^^^^^^^^^^^^^^
envd_service/executors/sandlock.py:2803: in _exec_once
    return await asyncio.to_thread(
/usr/local/lib/python3.14/asyncio/threads.py:26: in to_thread
    return await loop.run_in_executor(None, func_call)
           ^^^^^^^^^^^^^^^^^^^^^^^^^^^^^^^^^^^^^^^^^^^
/usr/local/lib/python3.14/concurrent/futures/thread.py:86: in run
    result = ctx.run(self.task)
             ^^^^^^^^^^^^^^^^^^
/usr/local/lib/python3.14/concurrent/futures/thread.py:73: in run
    return fn(*args, **kwargs)
           ^^^^^^^^^^^^^^^^^^^
envd_service/route_b.py:1567: in exec
    reply = self.request(
envd_service/route_b.py:1418: in request
    return ch.request(verb, args, fds=tuple(fds))
           ^^^^^^^^^^^^^^^^^^^^^^^^^^^^^^^^^^^^^^
_ _ _ _ _ _ _ _ _ _ _ _ _ _ _ _ _ _ _ _ _ _ _ _ _ _ _ _ _ _ _ _ _ _ _ _ _ _ _ _ 

self = <sandlock.supervise.SuperviseChannel object at 0x7f20ca1246e0>
verb = 'exec'
args = {'argv': ['/bin/sh', '-c', '/bin/echo ok'], 'cwd': '/home/user', 'clean_env': True}
fds = (104, 112, 114)

    def request(
        self,
        verb: str,
        args: Dict[str, Any] | None = None,
        fds: Sequence[int] = (),
    ) -> Any:
        """Issue one verb and return the response ``data`` (``ok:true``)."""
        if self._closed:
            raise SandlockError("SuperviseChannel is closed")
        payload = json.dumps({} if args is None else args).encode("utf-8")
        fd_array = None
        n_fds = len(fds)
        if n_fds:
            fd_array = (ctypes.c_int * n_fds)(*(int(fd) for fd in fds))
        err = ctypes.c_int(0)
        err_msg = ctypes.c_void_p()
        resp_p = _lib.sandlock_supervise_request(
            self._h,
            verb.encode("utf-8"),
            payload,
            fd_array,
            n_fds,
            ctypes.byref(err),
            ctypes.byref(err_msg),
        )
        if not resp_p:
            raise SandlockError(_take_err_msg(err_msg) or f"supervise verb {verb!r} failed")
        try:
            raw = ctypes.string_at(resp_p)
            response = json.loads(raw.decode("utf-8"))
        finally:
            _free_string(ctypes.c_void_p(resp_p))
        if not response.get("ok"):
            # F19/SL-13: the refusal's stable code rides the same frame as its
            # prose, so a host can branch on "the generation is over" without
            # parsing the sentence. `code` is None only for a slot older than
            # the field; it is never guessed from the message.
>           raise SlotRefusal(
                response.get("err") or f"supervise verb {verb!r} refused",
                code=response.get("code"),
            )
E           sandlock.exceptions.SlotRefusal: instance exec failed: process error: io error: Broken pipe (os error 32)

/usr/local/lib/python3.14/site-packages/sandlock/supervise.py:249: SlotRefusal
------------------------------ Captured log setup ------------------------------
WARNING  envd_service.executors.sandlock:sandlock.py:2827 sandlock exec failed sandbox_id=sbx_slot_16 instance_name=sbx_slot_16 argv=['/bin/sh', '-c', '/bin/echo ok'] error_type=SlotRefusal error=instance exec failed: process error: io error: Broken pipe (os error 32)
WARNING  envd_service.executors.sandlock:sandlock.py:1136 sandlock exec failure context sandbox_id=sbx_slot_16 exit_code=None argv=['/bin/sh', '-c', '/bin/echo ok'] cwd=/home/user env={} chroot=None rootfs_tools=None dynamic_linker=None ca_bundle=False
__ ERROR at setup of test_network_update_live_instance_is_monotone_narrowing ___

self = <envd_service.executors.sandlock.SandlockExecutor object at 0x7f20ca2e1400>
config = ExecConfig(cmd=['/bin/sh', '-c', '/bin/echo ok'], env={}, cwd='/tmp/tmp3eue3o6t-ws', stdin_enabled=False, pty=False, rows=24, cols=80, max_file_size=None)

    async def start(self, config: ExecConfig) -> SandlockRunningProcess:
        """Exec ``config.cmd`` onto the long-lived instance (M4 D3).
    
        PTY commands use the fork-native ``ExecStdio.PTY`` (host-side master,
        resized through ``ExecProcess.resize``) instead of the removed
        in-sandbox bridge; everything else uses ``ExecStdio.PIPED``. Per-exec
        cwd/env/clean_env/bind_ports come from ``_exec_params``. A
        closed/dead failure from ``inst.exec`` -- the in-process FFI's typed
        ``InstanceClosedError``/``InstanceDeadError``, or a route-B slot's
        coded refusal (idle-15min/24h instance expiry surfaces at exec time,
        not construction) -- rebuilds the instance exactly once under the
        lifecycle lock and retries the exec; after an explicit
        ``close()``/shutdown the executor fails loudly
        instead of rebuilding.
        """
        if sandlock is None:
            raise unimplemented("Sandlock is not available on this platform")
        if self._closed:
            raise RuntimeError(
                "sandlock executor is shut down; refusing to start a command "
                "on a rebuilt instance"
            )
        # The normal exec path takes the lifecycle lock around instance
        # creation too, so a concurrent ``update_network`` serializes against
        # it exactly like any other ``_ensure_instance`` caller -- but a
        # route-B creation (spawn + readiness probe) runs off the loop.
        inst = await self._ensure_instance_async()
        if inst is None:
            raise unimplemented("Sandlock is not available on this platform")
        stdio = ExecStdio.PTY if config.pty else ExecStdio.PIPED
        resolved = self.resolve_cmd(config.cmd)
    
        async def _exec_once(target) -> object:
            return await asyncio.to_thread(
                target.exec,
                resolved,
                stdio,
                **self._exec_params(
                    config, bind_ports=self._bind_ports_for(config)
                ),
            )
    
        try:
>           proc = await _exec_once(inst)
                   ^^^^^^^^^^^^^^^^^^^^^^

envd_service/executors/sandlock.py:2813: 
_ _ _ _ _ _ _ _ _ _ _ _ _ _ _ _ _ _ _ _ _ _ _ _ _ _ _ _ _ _ _ _ _ _ _ _ _ _ _ _ 
envd_service/executors/sandlock.py:2803: in _exec_once
    return await asyncio.to_thread(
/usr/local/lib/python3.14/asyncio/threads.py:26: in to_thread
    return await loop.run_in_executor(None, func_call)
           ^^^^^^^^^^^^^^^^^^^^^^^^^^^^^^^^^^^^^^^^^^^
/usr/local/lib/python3.14/concurrent/futures/thread.py:86: in run
    result = ctx.run(self.task)
             ^^^^^^^^^^^^^^^^^^
/usr/local/lib/python3.14/concurrent/futures/thread.py:73: in run
    return fn(*args, **kwargs)
           ^^^^^^^^^^^^^^^^^^^
envd_service/route_b.py:1567: in exec
    reply = self.request(
envd_service/route_b.py:1418: in request
    return ch.request(verb, args, fds=tuple(fds))
           ^^^^^^^^^^^^^^^^^^^^^^^^^^^^^^^^^^^^^^
_ _ _ _ _ _ _ _ _ _ _ _ _ _ _ _ _ _ _ _ _ _ _ _ _ _ _ _ _ _ _ _ _ _ _ _ _ _ _ _ 

self = <sandlock.supervise.SuperviseChannel object at 0x7f20ca125fd0>
verb = 'exec'
args = {'argv': ['/bin/sh', '-c', '/bin/echo ok'], 'cwd': '/home/user', 'clean_env': True}
fds = (107, 116, 118)

    def request(
        self,
        verb: str,
        args: Dict[str, Any] | None = None,
        fds: Sequence[int] = (),
    ) -> Any:
        """Issue one verb and return the response ``data`` (``ok:true``)."""
        if self._closed:
            raise SandlockError("SuperviseChannel is closed")
        payload = json.dumps({} if args is None else args).encode("utf-8")
        fd_array = None
        n_fds = len(fds)
        if n_fds:
            fd_array = (ctypes.c_int * n_fds)(*(int(fd) for fd in fds))
        err = ctypes.c_int(0)
        err_msg = ctypes.c_void_p()
        resp_p = _lib.sandlock_supervise_request(
            self._h,
            verb.encode("utf-8"),
            payload,
            fd_array,
            n_fds,
            ctypes.byref(err),
            ctypes.byref(err_msg),
        )
        if not resp_p:
            raise SandlockError(_take_err_msg(err_msg) or f"supervise verb {verb!r} failed")
        try:
            raw = ctypes.string_at(resp_p)
            response = json.loads(raw.decode("utf-8"))
        finally:
            _free_string(ctypes.c_void_p(resp_p))
        if not response.get("ok"):
            # F19/SL-13: the refusal's stable code rides the same frame as its
            # prose, so a host can branch on "the generation is over" without
            # parsing the sentence. `code` is None only for a slot older than
            # the field; it is never guessed from the message.
>           raise SlotRefusal(
                response.get("err") or f"supervise verb {verb!r} refused",
                code=response.get("code"),
            )
E           sandlock.exceptions.SlotRefusal: instance exec failed: process error: instance is closed (shut down, or the init channel closed after the main-exit container end); no new work is accepted

/usr/local/lib/python3.14/site-packages/sandlock/supervise.py:249: SlotRefusal

During handling of the above exception, another exception occurred:

self = <Coroutine test_network_update_live_instance_is_monotone_narrowing>

    def setup(self) -> None:
        runner_fixture_id = f"_{self._loop_scope}_scoped_runner"
        if runner_fixture_id not in self.fixturenames:
            self.fixturenames.append(runner_fixture_id)
        # When loop factories are configured, resolve the loop factory
        # fixture early so that a factory variant change cascades cache
        # invalidation before any async fixture checks its cache.
        hook_caller = self.config.hook.pytest_asyncio_loop_factories
        if hook_caller.get_hookimpls():
            _ = self._request.getfixturevalue(_asyncio_loop_factory.__name__)
>       return super().setup()
               ^^^^^^^^^^^^^^^

/usr/local/lib/python3.14/site-packages/pytest_asyncio/plugin.py:558: 
_ _ _ _ _ _ _ _ _ _ _ _ _ _ _ _ _ _ _ _ _ _ _ _ _ _ _ _ _ _ _ _ _ _ _ _ _ _ _ _ 
/usr/local/lib/python3.14/site-packages/pytest_asyncio/plugin.py:926: in pytest_fixture_setup
    return (yield)
            ^^^^^
/Users/polus/project/ai/sandlock-e2b/tests/security/conftest.py:151: in require_sandlock
    ???
/usr/local/lib/python3.14/asyncio/runners.py:205: in run
    return runner.run(main)
           ^^^^^^^^^^^^^^^^
/usr/local/lib/python3.14/asyncio/runners.py:128: in run
    return self._loop.run_until_complete(task)
           ^^^^^^^^^^^^^^^^^^^^^^^^^^^^^^^^^^^
/usr/local/lib/python3.14/asyncio/base_events.py:720: in run_until_complete
    return future.result()
           ^^^^^^^^^^^^^^^
/Users/polus/project/ai/sandlock-e2b/tests/security/conftest.py:272: in run_sh
    ???
envd_service/executors/sandlock.py:2854: in start
    proc = await _exec_once(inst)
           ^^^^^^^^^^^^^^^^^^^^^^
envd_service/executors/sandlock.py:2803: in _exec_once
    return await asyncio.to_thread(
/usr/local/lib/python3.14/asyncio/threads.py:26: in to_thread
    return await loop.run_in_executor(None, func_call)
           ^^^^^^^^^^^^^^^^^^^^^^^^^^^^^^^^^^^^^^^^^^^
/usr/local/lib/python3.14/concurrent/futures/thread.py:86: in run
    result = ctx.run(self.task)
             ^^^^^^^^^^^^^^^^^^
/usr/local/lib/python3.14/concurrent/futures/thread.py:73: in run
    return fn(*args, **kwargs)
           ^^^^^^^^^^^^^^^^^^^
envd_service/route_b.py:1567: in exec
    reply = self.request(
envd_service/route_b.py:1418: in request
    return ch.request(verb, args, fds=tuple(fds))
           ^^^^^^^^^^^^^^^^^^^^^^^^^^^^^^^^^^^^^^
_ _ _ _ _ _ _ _ _ _ _ _ _ _ _ _ _ _ _ _ _ _ _ _ _ _ _ _ _ _ _ _ _ _ _ _ _ _ _ _ 

self = <sandlock.supervise.SuperviseChannel object at 0x7f20ca1251d0>
verb = 'exec'
args = {'argv': ['/bin/sh', '-c', '/bin/echo ok'], 'cwd': '/home/user', 'clean_env': True}
fds = (107, 117, 119)

    def request(
        self,
        verb: str,
        args: Dict[str, Any] | None = None,
        fds: Sequence[int] = (),
    ) -> Any:
        """Issue one verb and return the response ``data`` (``ok:true``)."""
        if self._closed:
            raise SandlockError("SuperviseChannel is closed")
        payload = json.dumps({} if args is None else args).encode("utf-8")
        fd_array = None
        n_fds = len(fds)
        if n_fds:
            fd_array = (ctypes.c_int * n_fds)(*(int(fd) for fd in fds))
        err = ctypes.c_int(0)
        err_msg = ctypes.c_void_p()
        resp_p = _lib.sandlock_supervise_request(
            self._h,
            verb.encode("utf-8"),
            payload,
            fd_array,
            n_fds,
            ctypes.byref(err),
            ctypes.byref(err_msg),
        )
        if not resp_p:
            raise SandlockError(_take_err_msg(err_msg) or f"supervise verb {verb!r} failed")
        try:
            raw = ctypes.string_at(resp_p)
            response = json.loads(raw.decode("utf-8"))
        finally:
            _free_string(ctypes.c_void_p(resp_p))
        if not response.get("ok"):
            # F19/SL-13: the refusal's stable code rides the same frame as its
            # prose, so a host can branch on "the generation is over" without
            # parsing the sentence. `code` is None only for a slot older than
            # the field; it is never guessed from the message.
>           raise SlotRefusal(
                response.get("err") or f"supervise verb {verb!r} refused",
                code=response.get("code"),
            )
E           sandlock.exceptions.SlotRefusal: instance exec failed: process error: instance is closed (shut down, or the init channel closed after the main-exit container end); no new work is accepted

/usr/local/lib/python3.14/site-packages/sandlock/supervise.py:249: SlotRefusal
_ ERROR at setup of test_rejected_rewiden_leaves_worker_runtime_copy_narrowed __

self = <envd_service.executors.sandlock.SandlockExecutor object at 0x7f20ca2e06e0>
config = ExecConfig(cmd=['/bin/sh', '-c', '/bin/echo ok'], env={}, cwd='/tmp/tmppn22zqdz-ws', stdin_enabled=False, pty=False, rows=24, cols=80, max_file_size=None)

    async def start(self, config: ExecConfig) -> SandlockRunningProcess:
        """Exec ``config.cmd`` onto the long-lived instance (M4 D3).
    
        PTY commands use the fork-native ``ExecStdio.PTY`` (host-side master,
        resized through ``ExecProcess.resize``) instead of the removed
        in-sandbox bridge; everything else uses ``ExecStdio.PIPED``. Per-exec
        cwd/env/clean_env/bind_ports come from ``_exec_params``. A
        closed/dead failure from ``inst.exec`` -- the in-process FFI's typed
        ``InstanceClosedError``/``InstanceDeadError``, or a route-B slot's
        coded refusal (idle-15min/24h instance expiry surfaces at exec time,
        not construction) -- rebuilds the instance exactly once under the
        lifecycle lock and retries the exec; after an explicit
        ``close()``/shutdown the executor fails loudly
        instead of rebuilding.
        """
        if sandlock is None:
            raise unimplemented("Sandlock is not available on this platform")
        if self._closed:
            raise RuntimeError(
                "sandlock executor is shut down; refusing to start a command "
                "on a rebuilt instance"
            )
        # The normal exec path takes the lifecycle lock around instance
        # creation too, so a concurrent ``update_network`` serializes against
        # it exactly like any other ``_ensure_instance`` caller -- but a
        # route-B creation (spawn + readiness probe) runs off the loop.
        inst = await self._ensure_instance_async()
        if inst is None:
            raise unimplemented("Sandlock is not available on this platform")
        stdio = ExecStdio.PTY if config.pty else ExecStdio.PIPED
        resolved = self.resolve_cmd(config.cmd)
    
        async def _exec_once(target) -> object:
            return await asyncio.to_thread(
                target.exec,
                resolved,
                stdio,
                **self._exec_params(
                    config, bind_ports=self._bind_ports_for(config)
                ),
            )
    
        try:
>           proc = await _exec_once(inst)
                   ^^^^^^^^^^^^^^^^^^^^^^

envd_service/executors/sandlock.py:2813: 
_ _ _ _ _ _ _ _ _ _ _ _ _ _ _ _ _ _ _ _ _ _ _ _ _ _ _ _ _ _ _ _ _ _ _ _ _ _ _ _ 
envd_service/executors/sandlock.py:2803: in _exec_once
    return await asyncio.to_thread(
/usr/local/lib/python3.14/asyncio/threads.py:26: in to_thread
    return await loop.run_in_executor(None, func_call)
           ^^^^^^^^^^^^^^^^^^^^^^^^^^^^^^^^^^^^^^^^^^^
/usr/local/lib/python3.14/concurrent/futures/thread.py:86: in run
    result = ctx.run(self.task)
             ^^^^^^^^^^^^^^^^^^
/usr/local/lib/python3.14/concurrent/futures/thread.py:73: in run
    return fn(*args, **kwargs)
           ^^^^^^^^^^^^^^^^^^^
envd_service/route_b.py:1567: in exec
    reply = self.request(
envd_service/route_b.py:1418: in request
    return ch.request(verb, args, fds=tuple(fds))
           ^^^^^^^^^^^^^^^^^^^^^^^^^^^^^^^^^^^^^^
_ _ _ _ _ _ _ _ _ _ _ _ _ _ _ _ _ _ _ _ _ _ _ _ _ _ _ _ _ _ _ _ _ _ _ _ _ _ _ _ 

self = <sandlock.supervise.SuperviseChannel object at 0x7f20ca150d70>
verb = 'exec'
args = {'argv': ['/bin/sh', '-c', '/bin/echo ok'], 'cwd': '/home/user', 'clean_env': True}
fds = (112, 119, 122)

    def request(
        self,
        verb: str,
        args: Dict[str, Any] | None = None,
        fds: Sequence[int] = (),
    ) -> Any:
        """Issue one verb and return the response ``data`` (``ok:true``)."""
        if self._closed:
            raise SandlockError("SuperviseChannel is closed")
        payload = json.dumps({} if args is None else args).encode("utf-8")
        fd_array = None
        n_fds = len(fds)
        if n_fds:
            fd_array = (ctypes.c_int * n_fds)(*(int(fd) for fd in fds))
        err = ctypes.c_int(0)
        err_msg = ctypes.c_void_p()
        resp_p = _lib.sandlock_supervise_request(
            self._h,
            verb.encode("utf-8"),
            payload,
            fd_array,
            n_fds,
            ctypes.byref(err),
            ctypes.byref(err_msg),
        )
        if not resp_p:
            raise SandlockError(_take_err_msg(err_msg) or f"supervise verb {verb!r} failed")
        try:
            raw = ctypes.string_at(resp_p)
            response = json.loads(raw.decode("utf-8"))
        finally:
            _free_string(ctypes.c_void_p(resp_p))
        if not response.get("ok"):
            # F19/SL-13: the refusal's stable code rides the same frame as its
            # prose, so a host can branch on "the generation is over" without
            # parsing the sentence. `code` is None only for a slot older than
            # the field; it is never guessed from the message.
>           raise SlotRefusal(
                response.get("err") or f"supervise verb {verb!r} refused",
                code=response.get("code"),
            )
E           sandlock.exceptions.SlotRefusal: instance exec failed: process error: instance is closed (shut down, or the init channel closed after the main-exit container end); no new work is accepted

/usr/local/lib/python3.14/site-packages/sandlock/supervise.py:249: SlotRefusal

During handling of the above exception, another exception occurred:

self = <Coroutine test_rejected_rewiden_leaves_worker_runtime_copy_narrowed>

    def setup(self) -> None:
        runner_fixture_id = f"_{self._loop_scope}_scoped_runner"
        if runner_fixture_id not in self.fixturenames:
            self.fixturenames.append(runner_fixture_id)
        # When loop factories are configured, resolve the loop factory
        # fixture early so that a factory variant change cascades cache
        # invalidation before any async fixture checks its cache.
        hook_caller = self.config.hook.pytest_asyncio_loop_factories
        if hook_caller.get_hookimpls():
            _ = self._request.getfixturevalue(_asyncio_loop_factory.__name__)
>       return super().setup()
               ^^^^^^^^^^^^^^^

/usr/local/lib/python3.14/site-packages/pytest_asyncio/plugin.py:558: 
_ _ _ _ _ _ _ _ _ _ _ _ _ _ _ _ _ _ _ _ _ _ _ _ _ _ _ _ _ _ _ _ _ _ _ _ _ _ _ _ 
/usr/local/lib/python3.14/site-packages/pytest_asyncio/plugin.py:926: in pytest_fixture_setup
    return (yield)
            ^^^^^
/Users/polus/project/ai/sandlock-e2b/tests/security/conftest.py:151: in require_sandlock
    ???
/usr/local/lib/python3.14/asyncio/runners.py:205: in run
    return runner.run(main)
           ^^^^^^^^^^^^^^^^
/usr/local/lib/python3.14/asyncio/runners.py:128: in run
    return self._loop.run_until_complete(task)
           ^^^^^^^^^^^^^^^^^^^^^^^^^^^^^^^^^^^
/usr/local/lib/python3.14/asyncio/base_events.py:720: in run_until_complete
    return future.result()
           ^^^^^^^^^^^^^^^
/Users/polus/project/ai/sandlock-e2b/tests/security/conftest.py:272: in run_sh
    ???
envd_service/executors/sandlock.py:2854: in start
    proc = await _exec_once(inst)
           ^^^^^^^^^^^^^^^^^^^^^^
envd_service/executors/sandlock.py:2803: in _exec_once
    return await asyncio.to_thread(
/usr/local/lib/python3.14/asyncio/threads.py:26: in to_thread
    return await loop.run_in_executor(None, func_call)
           ^^^^^^^^^^^^^^^^^^^^^^^^^^^^^^^^^^^^^^^^^^^
/usr/local/lib/python3.14/concurrent/futures/thread.py:86: in run
    result = ctx.run(self.task)
             ^^^^^^^^^^^^^^^^^^
/usr/local/lib/python3.14/concurrent/futures/thread.py:73: in run
    return fn(*args, **kwargs)
           ^^^^^^^^^^^^^^^^^^^
envd_service/route_b.py:1567: in exec
    reply = self.request(
envd_service/route_b.py:1418: in request
    return ch.request(verb, args, fds=tuple(fds))
           ^^^^^^^^^^^^^^^^^^^^^^^^^^^^^^^^^^^^^^
_ _ _ _ _ _ _ _ _ _ _ _ _ _ _ _ _ _ _ _ _ _ _ _ _ _ _ _ _ _ _ _ _ _ _ _ _ _ _ _ 

self = <sandlock.supervise.SuperviseChannel object at 0x7f20ca152580>
verb = 'exec'
args = {'argv': ['/bin/sh', '-c', '/bin/echo ok'], 'cwd': '/home/user', 'clean_env': True}
fds = (112, 121, 123)

    def request(
        self,
        verb: str,
        args: Dict[str, Any] | None = None,
        fds: Sequence[int] = (),
    ) -> Any:
        """Issue one verb and return the response ``data`` (``ok:true``)."""
        if self._closed:
            raise SandlockError("SuperviseChannel is closed")
        payload = json.dumps({} if args is None else args).encode("utf-8")
        fd_array = None
        n_fds = len(fds)
        if n_fds:
            fd_array = (ctypes.c_int * n_fds)(*(int(fd) for fd in fds))
        err = ctypes.c_int(0)
        err_msg = ctypes.c_void_p()
        resp_p = _lib.sandlock_supervise_request(
            self._h,
            verb.encode("utf-8"),
            payload,
            fd_array,
            n_fds,
            ctypes.byref(err),
            ctypes.byref(err_msg),
        )
        if not resp_p:
            raise SandlockError(_take_err_msg(err_msg) or f"supervise verb {verb!r} failed")
        try:
            raw = ctypes.string_at(resp_p)
            response = json.loads(raw.decode("utf-8"))
        finally:
            _free_string(ctypes.c_void_p(resp_p))
        if not response.get("ok"):
            # F19/SL-13: the refusal's stable code rides the same frame as its
            # prose, so a host can branch on "the generation is over" without
            # parsing the sentence. `code` is None only for a slot older than
            # the field; it is never guessed from the message.
>           raise SlotRefusal(
                response.get("err") or f"supervise verb {verb!r} refused",
                code=response.get("code"),
            )
E           sandlock.exceptions.SlotRefusal: instance exec failed: process error: instance is closed (shut down, or the init channel closed after the main-exit container end); no new work is accepted

/usr/local/lib/python3.14/site-packages/sandlock/supervise.py:249: SlotRefusal
____ ERROR at setup of test_header_inject_and_host_mask_accepted_end_to_end ____

self = <envd_service.executors.sandlock.SandlockExecutor object at 0x7f20ca2e1550>
config = ExecConfig(cmd=['/bin/sh', '-c', '/bin/echo ok'], env={}, cwd='/tmp/tmpk9iwbcqa-ws', stdin_enabled=False, pty=False, rows=24, cols=80, max_file_size=None)

    async def start(self, config: ExecConfig) -> SandlockRunningProcess:
        """Exec ``config.cmd`` onto the long-lived instance (M4 D3).
    
        PTY commands use the fork-native ``ExecStdio.PTY`` (host-side master,
        resized through ``ExecProcess.resize``) instead of the removed
        in-sandbox bridge; everything else uses ``ExecStdio.PIPED``. Per-exec
        cwd/env/clean_env/bind_ports come from ``_exec_params``. A
        closed/dead failure from ``inst.exec`` -- the in-process FFI's typed
        ``InstanceClosedError``/``InstanceDeadError``, or a route-B slot's
        coded refusal (idle-15min/24h instance expiry surfaces at exec time,
        not construction) -- rebuilds the instance exactly once under the
        lifecycle lock and retries the exec; after an explicit
        ``close()``/shutdown the executor fails loudly
        instead of rebuilding.
        """
        if sandlock is None:
            raise unimplemented("Sandlock is not available on this platform")
        if self._closed:
            raise RuntimeError(
                "sandlock executor is shut down; refusing to start a command "
                "on a rebuilt instance"
            )
        # The normal exec path takes the lifecycle lock around instance
        # creation too, so a concurrent ``update_network`` serializes against
        # it exactly like any other ``_ensure_instance`` caller -- but a
        # route-B creation (spawn + readiness probe) runs off the loop.
        inst = await self._ensure_instance_async()
        if inst is None:
            raise unimplemented("Sandlock is not available on this platform")
        stdio = ExecStdio.PTY if config.pty else ExecStdio.PIPED
        resolved = self.resolve_cmd(config.cmd)
    
        async def _exec_once(target) -> object:
            return await asyncio.to_thread(
                target.exec,
                resolved,
                stdio,
                **self._exec_params(
                    config, bind_ports=self._bind_ports_for(config)
                ),
            )
    
        try:
>           proc = await _exec_once(inst)
                   ^^^^^^^^^^^^^^^^^^^^^^

envd_service/executors/sandlock.py:2813: 
_ _ _ _ _ _ _ _ _ _ _ _ _ _ _ _ _ _ _ _ _ _ _ _ _ _ _ _ _ _ _ _ _ _ _ _ _ _ _ _ 
envd_service/executors/sandlock.py:2803: in _exec_once
    return await asyncio.to_thread(
/usr/local/lib/python3.14/asyncio/threads.py:26: in to_thread
    return await loop.run_in_executor(None, func_call)
           ^^^^^^^^^^^^^^^^^^^^^^^^^^^^^^^^^^^^^^^^^^^
/usr/local/lib/python3.14/concurrent/futures/thread.py:86: in run
    result = ctx.run(self.task)
             ^^^^^^^^^^^^^^^^^^
/usr/local/lib/python3.14/concurrent/futures/thread.py:73: in run
    return fn(*args, **kwargs)
           ^^^^^^^^^^^^^^^^^^^
envd_service/route_b.py:1567: in exec
    reply = self.request(
envd_service/route_b.py:1418: in request
    return ch.request(verb, args, fds=tuple(fds))
           ^^^^^^^^^^^^^^^^^^^^^^^^^^^^^^^^^^^^^^
_ _ _ _ _ _ _ _ _ _ _ _ _ _ _ _ _ _ _ _ _ _ _ _ _ _ _ _ _ _ _ _ _ _ _ _ _ _ _ _ 

self = <sandlock.supervise.SuperviseChannel object at 0x7f20ca152970>
verb = 'exec'
args = {'argv': ['/bin/sh', '-c', '/bin/echo ok'], 'cwd': '/home/user', 'clean_env': True}
fds = (115, 125, 127)

    def request(
        self,
        verb: str,
        args: Dict[str, Any] | None = None,
        fds: Sequence[int] = (),
    ) -> Any:
        """Issue one verb and return the response ``data`` (``ok:true``)."""
        if self._closed:
            raise SandlockError("SuperviseChannel is closed")
        payload = json.dumps({} if args is None else args).encode("utf-8")
        fd_array = None
        n_fds = len(fds)
        if n_fds:
            fd_array = (ctypes.c_int * n_fds)(*(int(fd) for fd in fds))
        err = ctypes.c_int(0)
        err_msg = ctypes.c_void_p()
        resp_p = _lib.sandlock_supervise_request(
            self._h,
            verb.encode("utf-8"),
            payload,
            fd_array,
            n_fds,
            ctypes.byref(err),
            ctypes.byref(err_msg),
        )
        if not resp_p:
            raise SandlockError(_take_err_msg(err_msg) or f"supervise verb {verb!r} failed")
        try:
            raw = ctypes.string_at(resp_p)
            response = json.loads(raw.decode("utf-8"))
        finally:
            _free_string(ctypes.c_void_p(resp_p))
        if not response.get("ok"):
            # F19/SL-13: the refusal's stable code rides the same frame as its
            # prose, so a host can branch on "the generation is over" without
            # parsing the sentence. `code` is None only for a slot older than
            # the field; it is never guessed from the message.
>           raise SlotRefusal(
                response.get("err") or f"supervise verb {verb!r} refused",
                code=response.get("code"),
            )
E           sandlock.exceptions.SlotRefusal: instance exec failed: process error: instance is closed (shut down, or the init channel closed after the main-exit container end); no new work is accepted

/usr/local/lib/python3.14/site-packages/sandlock/supervise.py:249: SlotRefusal

During handling of the above exception, another exception occurred:

self = <Coroutine test_header_inject_and_host_mask_accepted_end_to_end>

    def setup(self) -> None:
        runner_fixture_id = f"_{self._loop_scope}_scoped_runner"
        if runner_fixture_id not in self.fixturenames:
            self.fixturenames.append(runner_fixture_id)
        # When loop factories are configured, resolve the loop factory
        # fixture early so that a factory variant change cascades cache
        # invalidation before any async fixture checks its cache.
        hook_caller = self.config.hook.pytest_asyncio_loop_factories
        if hook_caller.get_hookimpls():
            _ = self._request.getfixturevalue(_asyncio_loop_factory.__name__)
>       return super().setup()
               ^^^^^^^^^^^^^^^

/usr/local/lib/python3.14/site-packages/pytest_asyncio/plugin.py:558: 
_ _ _ _ _ _ _ _ _ _ _ _ _ _ _ _ _ _ _ _ _ _ _ _ _ _ _ _ _ _ _ _ _ _ _ _ _ _ _ _ 
/usr/local/lib/python3.14/site-packages/pytest_asyncio/plugin.py:926: in pytest_fixture_setup
    return (yield)
            ^^^^^
/Users/polus/project/ai/sandlock-e2b/tests/security/conftest.py:151: in require_sandlock
    ???
/usr/local/lib/python3.14/asyncio/runners.py:205: in run
    return runner.run(main)
           ^^^^^^^^^^^^^^^^
/usr/local/lib/python3.14/asyncio/runners.py:128: in run
    return self._loop.run_until_complete(task)
           ^^^^^^^^^^^^^^^^^^^^^^^^^^^^^^^^^^^
/usr/local/lib/python3.14/asyncio/base_events.py:720: in run_until_complete
    return future.result()
           ^^^^^^^^^^^^^^^
/Users/polus/project/ai/sandlock-e2b/tests/security/conftest.py:272: in run_sh
    ???
envd_service/executors/sandlock.py:2854: in start
    proc = await _exec_once(inst)
           ^^^^^^^^^^^^^^^^^^^^^^
envd_service/executors/sandlock.py:2803: in _exec_once
    return await asyncio.to_thread(
/usr/local/lib/python3.14/asyncio/threads.py:26: in to_thread
    return await loop.run_in_executor(None, func_call)
           ^^^^^^^^^^^^^^^^^^^^^^^^^^^^^^^^^^^^^^^^^^^
/usr/local/lib/python3.14/concurrent/futures/thread.py:86: in run
    result = ctx.run(self.task)
             ^^^^^^^^^^^^^^^^^^
/usr/local/lib/python3.14/concurrent/futures/thread.py:73: in run
    return fn(*args, **kwargs)
           ^^^^^^^^^^^^^^^^^^^
envd_service/route_b.py:1567: in exec
    reply = self.request(
envd_service/route_b.py:1418: in request
    return ch.request(verb, args, fds=tuple(fds))
           ^^^^^^^^^^^^^^^^^^^^^^^^^^^^^^^^^^^^^^
_ _ _ _ _ _ _ _ _ _ _ _ _ _ _ _ _ _ _ _ _ _ _ _ _ _ _ _ _ _ _ _ _ _ _ _ _ _ _ _ 

self = <sandlock.supervise.SuperviseChannel object at 0x7f20ca152dd0>
verb = 'exec'
args = {'argv': ['/bin/sh', '-c', '/bin/echo ok'], 'cwd': '/home/user', 'clean_env': True}
fds = (115, 126, 128)

    def request(
        self,
        verb: str,
        args: Dict[str, Any] | None = None,
        fds: Sequence[int] = (),
    ) -> Any:
        """Issue one verb and return the response ``data`` (``ok:true``)."""
        if self._closed:
            raise SandlockError("SuperviseChannel is closed")
        payload = json.dumps({} if args is None else args).encode("utf-8")
        fd_array = None
        n_fds = len(fds)
        if n_fds:
            fd_array = (ctypes.c_int * n_fds)(*(int(fd) for fd in fds))
        err = ctypes.c_int(0)
        err_msg = ctypes.c_void_p()
        resp_p = _lib.sandlock_supervise_request(
            self._h,
            verb.encode("utf-8"),
            payload,
            fd_array,
            n_fds,
            ctypes.byref(err),
            ctypes.byref(err_msg),
        )
        if not resp_p:
            raise SandlockError(_take_err_msg(err_msg) or f"supervise verb {verb!r} failed")
        try:
            raw = ctypes.string_at(resp_p)
            response = json.loads(raw.decode("utf-8"))
        finally:
            _free_string(ctypes.c_void_p(resp_p))
        if not response.get("ok"):
            # F19/SL-13: the refusal's stable code rides the same frame as its
            # prose, so a host can branch on "the generation is over" without
            # parsing the sentence. `code` is None only for a slot older than
            # the field; it is never guessed from the message.
>           raise SlotRefusal(
                response.get("err") or f"supervise verb {verb!r} refused",
                code=response.get("code"),
            )
E           sandlock.exceptions.SlotRefusal: instance exec failed: process error: instance is closed (shut down, or the init channel closed after the main-exit container end); no new work is accepted

/usr/local/lib/python3.14/site-packages/sandlock/supervise.py:249: SlotRefusal
______________ ERROR at setup of test_max_processes_limits_forks _______________

self = <envd_service.executors.sandlock.SandlockExecutor object at 0x7f20ca35ba10>
config = ExecConfig(cmd=['/bin/sh', '-c', '/bin/echo ok'], env={}, cwd='/tmp/tmpioogz31g-ws', stdin_enabled=False, pty=False, rows=24, cols=80, max_file_size=None)

    async def start(self, config: ExecConfig) -> SandlockRunningProcess:
        """Exec ``config.cmd`` onto the long-lived instance (M4 D3).
    
        PTY commands use the fork-native ``ExecStdio.PTY`` (host-side master,
        resized through ``ExecProcess.resize``) instead of the removed
        in-sandbox bridge; everything else uses ``ExecStdio.PIPED``. Per-exec
        cwd/env/clean_env/bind_ports come from ``_exec_params``. A
        closed/dead failure from ``inst.exec`` -- the in-process FFI's typed
        ``InstanceClosedError``/``InstanceDeadError``, or a route-B slot's
        coded refusal (idle-15min/24h instance expiry surfaces at exec time,
        not construction) -- rebuilds the instance exactly once under the
        lifecycle lock and retries the exec; after an explicit
        ``close()``/shutdown the executor fails loudly
        instead of rebuilding.
        """
        if sandlock is None:
            raise unimplemented("Sandlock is not available on this platform")
        if self._closed:
            raise RuntimeError(
                "sandlock executor is shut down; refusing to start a command "
                "on a rebuilt instance"
            )
        # The normal exec path takes the lifecycle lock around instance
        # creation too, so a concurrent ``update_network`` serializes against
        # it exactly like any other ``_ensure_instance`` caller -- but a
        # route-B creation (spawn + readiness probe) runs off the loop.
        inst = await self._ensure_instance_async()
        if inst is None:
            raise unimplemented("Sandlock is not available on this platform")
        stdio = ExecStdio.PTY if config.pty else ExecStdio.PIPED
        resolved = self.resolve_cmd(config.cmd)
    
        async def _exec_once(target) -> object:
            return await asyncio.to_thread(
                target.exec,
                resolved,
                stdio,
                **self._exec_params(
                    config, bind_ports=self._bind_ports_for(config)
                ),
            )
    
        try:
>           proc = await _exec_once(inst)
                   ^^^^^^^^^^^^^^^^^^^^^^

envd_service/executors/sandlock.py:2813: 
_ _ _ _ _ _ _ _ _ _ _ _ _ _ _ _ _ _ _ _ _ _ _ _ _ _ _ _ _ _ _ _ _ _ _ _ _ _ _ _ 
envd_service/executors/sandlock.py:2803: in _exec_once
    return await asyncio.to_thread(
/usr/local/lib/python3.14/asyncio/threads.py:26: in to_thread
    return await loop.run_in_executor(None, func_call)
           ^^^^^^^^^^^^^^^^^^^^^^^^^^^^^^^^^^^^^^^^^^^
/usr/local/lib/python3.14/concurrent/futures/thread.py:86: in run
    result = ctx.run(self.task)
             ^^^^^^^^^^^^^^^^^^
/usr/local/lib/python3.14/concurrent/futures/thread.py:73: in run
    return fn(*args, **kwargs)
           ^^^^^^^^^^^^^^^^^^^
envd_service/route_b.py:1567: in exec
    reply = self.request(
envd_service/route_b.py:1418: in request
    return ch.request(verb, args, fds=tuple(fds))
           ^^^^^^^^^^^^^^^^^^^^^^^^^^^^^^^^^^^^^^
_ _ _ _ _ _ _ _ _ _ _ _ _ _ _ _ _ _ _ _ _ _ _ _ _ _ _ _ _ _ _ _ _ _ _ _ _ _ _ _ 

self = <sandlock.supervise.SuperviseChannel object at 0x7f20d0112270>
verb = 'exec'
args = {'argv': ['/bin/sh', '-c', '/bin/echo ok'], 'cwd': '/home/user', 'clean_env': True}
fds = (43, 65, 72)

    def request(
        self,
        verb: str,
        args: Dict[str, Any] | None = None,
        fds: Sequence[int] = (),
    ) -> Any:
        """Issue one verb and return the response ``data`` (``ok:true``)."""
        if self._closed:
            raise SandlockError("SuperviseChannel is closed")
        payload = json.dumps({} if args is None else args).encode("utf-8")
        fd_array = None
        n_fds = len(fds)
        if n_fds:
            fd_array = (ctypes.c_int * n_fds)(*(int(fd) for fd in fds))
        err = ctypes.c_int(0)
        err_msg = ctypes.c_void_p()
        resp_p = _lib.sandlock_supervise_request(
            self._h,
            verb.encode("utf-8"),
            payload,
            fd_array,
            n_fds,
            ctypes.byref(err),
            ctypes.byref(err_msg),
        )
        if not resp_p:
            raise SandlockError(_take_err_msg(err_msg) or f"supervise verb {verb!r} failed")
        try:
            raw = ctypes.string_at(resp_p)
            response = json.loads(raw.decode("utf-8"))
        finally:
            _free_string(ctypes.c_void_p(resp_p))
        if not response.get("ok"):
            # F19/SL-13: the refusal's stable code rides the same frame as its
            # prose, so a host can branch on "the generation is over" without
            # parsing the sentence. `code` is None only for a slot older than
            # the field; it is never guessed from the message.
>           raise SlotRefusal(
                response.get("err") or f"supervise verb {verb!r} refused",
                code=response.get("code"),
            )
E           sandlock.exceptions.SlotRefusal: instance exec failed: process error: instance is closed (shut down, or the init channel closed after the main-exit container end); no new work is accepted

/usr/local/lib/python3.14/site-packages/sandlock/supervise.py:249: SlotRefusal

During handling of the above exception, another exception occurred:

fixturedef = <FixtureDef argname='require_sandlock' scope='function' baseid='tests/security'>
request = <SubRequest 'require_sandlock' for <Function test_max_processes_limits_forks>>

    @pytest.hookimpl(wrapper=True)
    def pytest_fixture_setup(fixturedef: FixtureDef, request) -> object | None:
        if (
            fixturedef.argname == "event_loop_policy"
            and fixturedef.func.__module__ != __name__
        ):
            warnings.warn(
                PytestDeprecationWarning(_EVENT_LOOP_POLICY_FIXTURE_DEPRECATION_WARNING),
            )
        asyncio_mode = _get_asyncio_mode(request.config)
        if not _is_asyncio_fixture_function(fixturedef.func):
            if asyncio_mode == Mode.STRICT:
                # Ignore async fixtures without explicit asyncio mark in strict mode
                # This applies to pytest_trio fixtures, for example
                return (yield)
            if not _is_coroutine_or_asyncgen(fixturedef.func):
>               return (yield)
                        ^^^^^

/usr/local/lib/python3.14/site-packages/pytest_asyncio/plugin.py:926: 
_ _ _ _ _ _ _ _ _ _ _ _ _ _ _ _ _ _ _ _ _ _ _ _ _ _ _ _ _ _ _ _ _ _ _ _ _ _ _ _ 
/Users/polus/project/ai/sandlock-e2b/tests/security/conftest.py:151: in require_sandlock
    ???
/usr/local/lib/python3.14/asyncio/runners.py:205: in run
    return runner.run(main)
           ^^^^^^^^^^^^^^^^
/usr/local/lib/python3.14/asyncio/runners.py:128: in run
    return self._loop.run_until_complete(task)
           ^^^^^^^^^^^^^^^^^^^^^^^^^^^^^^^^^^^
/usr/local/lib/python3.14/asyncio/base_events.py:720: in run_until_complete
    return future.result()
           ^^^^^^^^^^^^^^^
/Users/polus/project/ai/sandlock-e2b/tests/security/conftest.py:272: in run_sh
    ???
envd_service/executors/sandlock.py:2854: in start
    proc = await _exec_once(inst)
           ^^^^^^^^^^^^^^^^^^^^^^
envd_service/executors/sandlock.py:2803: in _exec_once
    return await asyncio.to_thread(
/usr/local/lib/python3.14/asyncio/threads.py:26: in to_thread
    return await loop.run_in_executor(None, func_call)
           ^^^^^^^^^^^^^^^^^^^^^^^^^^^^^^^^^^^^^^^^^^^
/usr/local/lib/python3.14/concurrent/futures/thread.py:86: in run
    result = ctx.run(self.task)
             ^^^^^^^^^^^^^^^^^^
/usr/local/lib/python3.14/concurrent/futures/thread.py:73: in run
    return fn(*args, **kwargs)
           ^^^^^^^^^^^^^^^^^^^
envd_service/route_b.py:1567: in exec
    reply = self.request(
envd_service/route_b.py:1418: in request
    return ch.request(verb, args, fds=tuple(fds))
           ^^^^^^^^^^^^^^^^^^^^^^^^^^^^^^^^^^^^^^
_ _ _ _ _ _ _ _ _ _ _ _ _ _ _ _ _ _ _ _ _ _ _ _ _ _ _ _ _ _ _ _ _ _ _ _ _ _ _ _ 

self = <sandlock.supervise.SuperviseChannel object at 0x7f20d01127b0>
verb = 'exec'
args = {'argv': ['/bin/sh', '-c', '/bin/echo ok'], 'cwd': '/home/user', 'clean_env': True}
fds = (43, 66, 99)

    def request(
        self,
        verb: str,
        args: Dict[str, Any] | None = None,
        fds: Sequence[int] = (),
    ) -> Any:
        """Issue one verb and return the response ``data`` (``ok:true``)."""
        if self._closed:
            raise SandlockError("SuperviseChannel is closed")
        payload = json.dumps({} if args is None else args).encode("utf-8")
        fd_array = None
        n_fds = len(fds)
        if n_fds:
            fd_array = (ctypes.c_int * n_fds)(*(int(fd) for fd in fds))
        err = ctypes.c_int(0)
        err_msg = ctypes.c_void_p()
        resp_p = _lib.sandlock_supervise_request(
            self._h,
            verb.encode("utf-8"),
            payload,
            fd_array,
            n_fds,
            ctypes.byref(err),
            ctypes.byref(err_msg),
        )
        if not resp_p:
            raise SandlockError(_take_err_msg(err_msg) or f"supervise verb {verb!r} failed")
        try:
            raw = ctypes.string_at(resp_p)
            response = json.loads(raw.decode("utf-8"))
        finally:
            _free_string(ctypes.c_void_p(resp_p))
        if not response.get("ok"):
            # F19/SL-13: the refusal's stable code rides the same frame as its
            # prose, so a host can branch on "the generation is over" without
            # parsing the sentence. `code` is None only for a slot older than
            # the field; it is never guessed from the message.
>           raise SlotRefusal(
                response.get("err") or f"supervise verb {verb!r} refused",
                code=response.get("code"),
            )
E           sandlock.exceptions.SlotRefusal: instance exec failed: process error: instance is closed (shut down, or the init channel closed after the main-exit container end); no new work is accepted

/usr/local/lib/python3.14/site-packages/sandlock/supervise.py:249: SlotRefusal
___ ERROR at setup of test_denied_paths_answer_the_same_in_both_root_shapes ____

self = <envd_service.executors.sandlock.SandlockExecutor object at 0x7f20ca7b1be0>
config = ExecConfig(cmd=['/bin/sh', '-c', '/bin/echo ok'], env={}, cwd='/tmp/tmp8nqt3qx7-ws', stdin_enabled=False, pty=False, rows=24, cols=80, max_file_size=None)

    async def start(self, config: ExecConfig) -> SandlockRunningProcess:
        """Exec ``config.cmd`` onto the long-lived instance (M4 D3).
    
        PTY commands use the fork-native ``ExecStdio.PTY`` (host-side master,
        resized through ``ExecProcess.resize``) instead of the removed
        in-sandbox bridge; everything else uses ``ExecStdio.PIPED``. Per-exec
        cwd/env/clean_env/bind_ports come from ``_exec_params``. A
        closed/dead failure from ``inst.exec`` -- the in-process FFI's typed
        ``InstanceClosedError``/``InstanceDeadError``, or a route-B slot's
        coded refusal (idle-15min/24h instance expiry surfaces at exec time,
        not construction) -- rebuilds the instance exactly once under the
        lifecycle lock and retries the exec; after an explicit
        ``close()``/shutdown the executor fails loudly
        instead of rebuilding.
        """
        if sandlock is None:
            raise unimplemented("Sandlock is not available on this platform")
        if self._closed:
            raise RuntimeError(
                "sandlock executor is shut down; refusing to start a command "
                "on a rebuilt instance"
            )
        # The normal exec path takes the lifecycle lock around instance
        # creation too, so a concurrent ``update_network`` serializes against
        # it exactly like any other ``_ensure_instance`` caller -- but a
        # route-B creation (spawn + readiness probe) runs off the loop.
        inst = await self._ensure_instance_async()
        if inst is None:
            raise unimplemented("Sandlock is not available on this platform")
        stdio = ExecStdio.PTY if config.pty else ExecStdio.PIPED
        resolved = self.resolve_cmd(config.cmd)
    
        async def _exec_once(target) -> object:
            return await asyncio.to_thread(
                target.exec,
                resolved,
                stdio,
                **self._exec_params(
                    config, bind_ports=self._bind_ports_for(config)
                ),
            )
    
        try:
>           proc = await _exec_once(inst)
                   ^^^^^^^^^^^^^^^^^^^^^^

envd_service/executors/sandlock.py:2813: 
_ _ _ _ _ _ _ _ _ _ _ _ _ _ _ _ _ _ _ _ _ _ _ _ _ _ _ _ _ _ _ _ _ _ _ _ _ _ _ _ 
envd_service/executors/sandlock.py:2803: in _exec_once
    return await asyncio.to_thread(
/usr/local/lib/python3.14/asyncio/threads.py:26: in to_thread
    return await loop.run_in_executor(None, func_call)
           ^^^^^^^^^^^^^^^^^^^^^^^^^^^^^^^^^^^^^^^^^^^
/usr/local/lib/python3.14/concurrent/futures/thread.py:86: in run
    result = ctx.run(self.task)
             ^^^^^^^^^^^^^^^^^^
/usr/local/lib/python3.14/concurrent/futures/thread.py:73: in run
    return fn(*args, **kwargs)
           ^^^^^^^^^^^^^^^^^^^
envd_service/route_b.py:1567: in exec
    reply = self.request(
envd_service/route_b.py:1418: in request
    return ch.request(verb, args, fds=tuple(fds))
           ^^^^^^^^^^^^^^^^^^^^^^^^^^^^^^^^^^^^^^
_ _ _ _ _ _ _ _ _ _ _ _ _ _ _ _ _ _ _ _ _ _ _ _ _ _ _ _ _ _ _ _ _ _ _ _ _ _ _ _ 

self = <sandlock.supervise.SuperviseChannel object at 0x7f20d039b930>
verb = 'exec'
args = {'argv': ['/bin/sh', '-c', '/bin/echo ok'], 'cwd': '/home/user', 'clean_env': True}
fds = (50, 99, 101)

    def request(
        self,
        verb: str,
        args: Dict[str, Any] | None = None,
        fds: Sequence[int] = (),
    ) -> Any:
        """Issue one verb and return the response ``data`` (``ok:true``)."""
        if self._closed:
            raise SandlockError("SuperviseChannel is closed")
        payload = json.dumps({} if args is None else args).encode("utf-8")
        fd_array = None
        n_fds = len(fds)
        if n_fds:
            fd_array = (ctypes.c_int * n_fds)(*(int(fd) for fd in fds))
        err = ctypes.c_int(0)
        err_msg = ctypes.c_void_p()
        resp_p = _lib.sandlock_supervise_request(
            self._h,
            verb.encode("utf-8"),
            payload,
            fd_array,
            n_fds,
            ctypes.byref(err),
            ctypes.byref(err_msg),
        )
        if not resp_p:
            raise SandlockError(_take_err_msg(err_msg) or f"supervise verb {verb!r} failed")
        try:
            raw = ctypes.string_at(resp_p)
            response = json.loads(raw.decode("utf-8"))
        finally:
            _free_string(ctypes.c_void_p(resp_p))
        if not response.get("ok"):
            # F19/SL-13: the refusal's stable code rides the same frame as its
            # prose, so a host can branch on "the generation is over" without
            # parsing the sentence. `code` is None only for a slot older than
            # the field; it is never guessed from the message.
>           raise SlotRefusal(
                response.get("err") or f"supervise verb {verb!r} refused",
                code=response.get("code"),
            )
E           sandlock.exceptions.SlotRefusal: instance exec failed: process error: instance is closed (shut down, or the init channel closed after the main-exit container end); no new work is accepted

/usr/local/lib/python3.14/site-packages/sandlock/supervise.py:249: SlotRefusal

During handling of the above exception, another exception occurred:

self = <Coroutine test_denied_paths_answer_the_same_in_both_root_shapes>

    def setup(self) -> None:
        runner_fixture_id = f"_{self._loop_scope}_scoped_runner"
        if runner_fixture_id not in self.fixturenames:
            self.fixturenames.append(runner_fixture_id)
        # When loop factories are configured, resolve the loop factory
        # fixture early so that a factory variant change cascades cache
        # invalidation before any async fixture checks its cache.
        hook_caller = self.config.hook.pytest_asyncio_loop_factories
        if hook_caller.get_hookimpls():
            _ = self._request.getfixturevalue(_asyncio_loop_factory.__name__)
>       return super().setup()
               ^^^^^^^^^^^^^^^

/usr/local/lib/python3.14/site-packages/pytest_asyncio/plugin.py:558: 
_ _ _ _ _ _ _ _ _ _ _ _ _ _ _ _ _ _ _ _ _ _ _ _ _ _ _ _ _ _ _ _ _ _ _ _ _ _ _ _ 
/usr/local/lib/python3.14/site-packages/pytest_asyncio/plugin.py:926: in pytest_fixture_setup
    return (yield)
            ^^^^^
/Users/polus/project/ai/sandlock-e2b/tests/security/conftest.py:151: in require_sandlock
    ???
/usr/local/lib/python3.14/asyncio/runners.py:205: in run
    return runner.run(main)
           ^^^^^^^^^^^^^^^^
/usr/local/lib/python3.14/asyncio/runners.py:128: in run
    return self._loop.run_until_complete(task)
           ^^^^^^^^^^^^^^^^^^^^^^^^^^^^^^^^^^^
/usr/local/lib/python3.14/asyncio/base_events.py:720: in run_until_complete
    return future.result()
           ^^^^^^^^^^^^^^^
/Users/polus/project/ai/sandlock-e2b/tests/security/conftest.py:272: in run_sh
    ???
envd_service/executors/sandlock.py:2854: in start
    proc = await _exec_once(inst)
           ^^^^^^^^^^^^^^^^^^^^^^
envd_service/executors/sandlock.py:2803: in _exec_once
    return await asyncio.to_thread(
/usr/local/lib/python3.14/asyncio/threads.py:26: in to_thread
    return await loop.run_in_executor(None, func_call)
           ^^^^^^^^^^^^^^^^^^^^^^^^^^^^^^^^^^^^^^^^^^^
/usr/local/lib/python3.14/concurrent/futures/thread.py:86: in run
    result = ctx.run(self.task)
             ^^^^^^^^^^^^^^^^^^
/usr/local/lib/python3.14/concurrent/futures/thread.py:73: in run
    return fn(*args, **kwargs)
           ^^^^^^^^^^^^^^^^^^^
envd_service/route_b.py:1567: in exec
    reply = self.request(
envd_service/route_b.py:1418: in request
    return ch.request(verb, args, fds=tuple(fds))
           ^^^^^^^^^^^^^^^^^^^^^^^^^^^^^^^^^^^^^^
_ _ _ _ _ _ _ _ _ _ _ _ _ _ _ _ _ _ _ _ _ _ _ _ _ _ _ _ _ _ _ _ _ _ _ _ _ _ _ _ 

self = <sandlock.supervise.SuperviseChannel object at 0x7f20d039ba10>
verb = 'exec'
args = {'argv': ['/bin/sh', '-c', '/bin/echo ok'], 'cwd': '/home/user', 'clean_env': True}
fds = (50, 100, 108)

    def request(
        self,
        verb: str,
        args: Dict[str, Any] | None = None,
        fds: Sequence[int] = (),
    ) -> Any:
        """Issue one verb and return the response ``data`` (``ok:true``)."""
        if self._closed:
            raise SandlockError("SuperviseChannel is closed")
        payload = json.dumps({} if args is None else args).encode("utf-8")
        fd_array = None
        n_fds = len(fds)
        if n_fds:
            fd_array = (ctypes.c_int * n_fds)(*(int(fd) for fd in fds))
        err = ctypes.c_int(0)
        err_msg = ctypes.c_void_p()
        resp_p = _lib.sandlock_supervise_request(
            self._h,
            verb.encode("utf-8"),
            payload,
            fd_array,
            n_fds,
            ctypes.byref(err),
            ctypes.byref(err_msg),
        )
        if not resp_p:
            raise SandlockError(_take_err_msg(err_msg) or f"supervise verb {verb!r} failed")
        try:
            raw = ctypes.string_at(resp_p)
            response = json.loads(raw.decode("utf-8"))
        finally:
            _free_string(ctypes.c_void_p(resp_p))
        if not response.get("ok"):
            # F19/SL-13: the refusal's stable code rides the same frame as its
            # prose, so a host can branch on "the generation is over" without
            # parsing the sentence. `code` is None only for a slot older than
            # the field; it is never guessed from the message.
>           raise SlotRefusal(
                response.get("err") or f"supervise verb {verb!r} refused",
                code=response.get("code"),
            )
E           sandlock.exceptions.SlotRefusal: instance exec failed: process error: instance is closed (shut down, or the init channel closed after the main-exit container end); no new work is accepted

/usr/local/lib/python3.14/site-packages/sandlock/supervise.py:249: SlotRefusal
_ ERROR at setup of test_creating_and_destroying_sandboxes_leaves_no_mounts_behind _

self = <Coroutine test_creating_and_destroying_sandboxes_leaves_no_mounts_behind>

    def setup(self) -> None:
        runner_fixture_id = f"_{self._loop_scope}_scoped_runner"
        if runner_fixture_id not in self.fixturenames:
            self.fixturenames.append(runner_fixture_id)
        # When loop factories are configured, resolve the loop factory
        # fixture early so that a factory variant change cascades cache
        # invalidation before any async fixture checks its cache.
        hook_caller = self.config.hook.pytest_asyncio_loop_factories
        if hook_caller.get_hookimpls():
            _ = self._request.getfixturevalue(_asyncio_loop_factory.__name__)
>       return super().setup()
               ^^^^^^^^^^^^^^^

/usr/local/lib/python3.14/site-packages/pytest_asyncio/plugin.py:558: 
_ _ _ _ _ _ _ _ _ _ _ _ _ _ _ _ _ _ _ _ _ _ _ _ _ _ _ _ _ _ _ _ _ _ _ _ _ _ _ _ 
/usr/local/lib/python3.14/site-packages/pytest_asyncio/plugin.py:926: in pytest_fixture_setup
    return (yield)
            ^^^^^
/Users/polus/project/ai/sandlock-e2b/tests/security/conftest.py:151: in require_sandlock
    ???
/usr/local/lib/python3.14/asyncio/runners.py:205: in run
    return runner.run(main)
           ^^^^^^^^^^^^^^^^
/usr/local/lib/python3.14/asyncio/runners.py:128: in run
    return self._loop.run_until_complete(task)
           ^^^^^^^^^^^^^^^^^^^^^^^^^^^^^^^^^^^
/usr/local/lib/python3.14/asyncio/base_events.py:720: in run_until_complete
    return future.result()
           ^^^^^^^^^^^^^^^
/Users/polus/project/ai/sandlock-e2b/tests/security/conftest.py:272: in run_sh
    ???
envd_service/executors/sandlock.py:2813: in start
    proc = await _exec_once(inst)
           ^^^^^^^^^^^^^^^^^^^^^^
envd_service/executors/sandlock.py:2803: in _exec_once
    return await asyncio.to_thread(
/usr/local/lib/python3.14/asyncio/threads.py:26: in to_thread
    return await loop.run_in_executor(None, func_call)
           ^^^^^^^^^^^^^^^^^^^^^^^^^^^^^^^^^^^^^^^^^^^
/usr/local/lib/python3.14/concurrent/futures/thread.py:86: in run
    result = ctx.run(self.task)
             ^^^^^^^^^^^^^^^^^^
/usr/local/lib/python3.14/concurrent/futures/thread.py:73: in run
    return fn(*args, **kwargs)
           ^^^^^^^^^^^^^^^^^^^
envd_service/route_b.py:1567: in exec
    reply = self.request(
envd_service/route_b.py:1418: in request
    return ch.request(verb, args, fds=tuple(fds))
           ^^^^^^^^^^^^^^^^^^^^^^^^^^^^^^^^^^^^^^
_ _ _ _ _ _ _ _ _ _ _ _ _ _ _ _ _ _ _ _ _ _ _ _ _ _ _ _ _ _ _ _ _ _ _ _ _ _ _ _ 

self = <sandlock.supervise.SuperviseChannel object at 0x7f20ca7572a0>
verb = 'exec'
args = {'argv': ['/bin/sh', '-c', '/bin/echo ok'], 'cwd': '/home/user', 'clean_env': True}
fds = (59, 114, 118)

    def request(
        self,
        verb: str,
        args: Dict[str, Any] | None = None,
        fds: Sequence[int] = (),
    ) -> Any:
        """Issue one verb and return the response ``data`` (``ok:true``)."""
        if self._closed:
            raise SandlockError("SuperviseChannel is closed")
        payload = json.dumps({} if args is None else args).encode("utf-8")
        fd_array = None
        n_fds = len(fds)
        if n_fds:
            fd_array = (ctypes.c_int * n_fds)(*(int(fd) for fd in fds))
        err = ctypes.c_int(0)
        err_msg = ctypes.c_void_p()
        resp_p = _lib.sandlock_supervise_request(
            self._h,
            verb.encode("utf-8"),
            payload,
            fd_array,
            n_fds,
            ctypes.byref(err),
            ctypes.byref(err_msg),
        )
        if not resp_p:
            raise SandlockError(_take_err_msg(err_msg) or f"supervise verb {verb!r} failed")
        try:
            raw = ctypes.string_at(resp_p)
            response = json.loads(raw.decode("utf-8"))
        finally:
            _free_string(ctypes.c_void_p(resp_p))
        if not response.get("ok"):
            # F19/SL-13: the refusal's stable code rides the same frame as its
            # prose, so a host can branch on "the generation is over" without
            # parsing the sentence. `code` is None only for a slot older than
            # the field; it is never guessed from the message.
>           raise SlotRefusal(
                response.get("err") or f"supervise verb {verb!r} refused",
                code=response.get("code"),
            )
E           sandlock.exceptions.SlotRefusal: instance exec failed: process error: io error: Broken pipe (os error 32)

/usr/local/lib/python3.14/site-packages/sandlock/supervise.py:249: SlotRefusal
------------------------------ Captured log setup ------------------------------
WARNING  envd_service.executors.sandlock:sandlock.py:2827 sandlock exec failed sandbox_id=sbx_slot_22 instance_name=sbx_slot_22 argv=['/bin/sh', '-c', '/bin/echo ok'] error_type=SlotRefusal error=instance exec failed: process error: io error: Broken pipe (os error 32)
WARNING  envd_service.executors.sandlock:sandlock.py:1136 sandlock exec failure context sandbox_id=sbx_slot_22 exit_code=None argv=['/bin/sh', '-c', '/bin/echo ok'] cwd=/home/user env={} chroot=None rootfs_tools=None dynamic_linker=None ca_bundle=False
________________ ERROR at setup of test_read_etc_passwd_denied _________________

self = <envd_service.executors.sandlock.SandlockExecutor object at 0x7f20d0328ad0>
config = ExecConfig(cmd=['/bin/sh', '-c', '/bin/echo ok'], env={}, cwd='/tmp/tmplg04uur0-ws', stdin_enabled=False, pty=False, rows=24, cols=80, max_file_size=None)

    async def start(self, config: ExecConfig) -> SandlockRunningProcess:
        """Exec ``config.cmd`` onto the long-lived instance (M4 D3).
    
        PTY commands use the fork-native ``ExecStdio.PTY`` (host-side master,
        resized through ``ExecProcess.resize``) instead of the removed
        in-sandbox bridge; everything else uses ``ExecStdio.PIPED``. Per-exec
        cwd/env/clean_env/bind_ports come from ``_exec_params``. A
        closed/dead failure from ``inst.exec`` -- the in-process FFI's typed
        ``InstanceClosedError``/``InstanceDeadError``, or a route-B slot's
        coded refusal (idle-15min/24h instance expiry surfaces at exec time,
        not construction) -- rebuilds the instance exactly once under the
        lifecycle lock and retries the exec; after an explicit
        ``close()``/shutdown the executor fails loudly
        instead of rebuilding.
        """
        if sandlock is None:
            raise unimplemented("Sandlock is not available on this platform")
        if self._closed:
            raise RuntimeError(
                "sandlock executor is shut down; refusing to start a command "
                "on a rebuilt instance"
            )
        # The normal exec path takes the lifecycle lock around instance
        # creation too, so a concurrent ``update_network`` serializes against
        # it exactly like any other ``_ensure_instance`` caller -- but a
        # route-B creation (spawn + readiness probe) runs off the loop.
        inst = await self._ensure_instance_async()
        if inst is None:
            raise unimplemented("Sandlock is not available on this platform")
        stdio = ExecStdio.PTY if config.pty else ExecStdio.PIPED
        resolved = self.resolve_cmd(config.cmd)
    
        async def _exec_once(target) -> object:
            return await asyncio.to_thread(
                target.exec,
                resolved,
                stdio,
                **self._exec_params(
                    config, bind_ports=self._bind_ports_for(config)
                ),
            )
    
        try:
>           proc = await _exec_once(inst)
                   ^^^^^^^^^^^^^^^^^^^^^^

envd_service/executors/sandlock.py:2813: 
_ _ _ _ _ _ _ _ _ _ _ _ _ _ _ _ _ _ _ _ _ _ _ _ _ _ _ _ _ _ _ _ _ _ _ _ _ _ _ _ 
envd_service/executors/sandlock.py:2803: in _exec_once
    return await asyncio.to_thread(
/usr/local/lib/python3.14/asyncio/threads.py:26: in to_thread
    return await loop.run_in_executor(None, func_call)
           ^^^^^^^^^^^^^^^^^^^^^^^^^^^^^^^^^^^^^^^^^^^
/usr/local/lib/python3.14/concurrent/futures/thread.py:86: in run
    result = ctx.run(self.task)
             ^^^^^^^^^^^^^^^^^^
/usr/local/lib/python3.14/concurrent/futures/thread.py:73: in run
    return fn(*args, **kwargs)
           ^^^^^^^^^^^^^^^^^^^
envd_service/route_b.py:1567: in exec
    reply = self.request(
envd_service/route_b.py:1418: in request
    return ch.request(verb, args, fds=tuple(fds))
           ^^^^^^^^^^^^^^^^^^^^^^^^^^^^^^^^^^^^^^
_ _ _ _ _ _ _ _ _ _ _ _ _ _ _ _ _ _ _ _ _ _ _ _ _ _ _ _ _ _ _ _ _ _ _ _ _ _ _ _ 

self = <sandlock.supervise.SuperviseChannel object at 0x7f20ca75c750>
verb = 'exec'
args = {'argv': ['/bin/sh', '-c', '/bin/echo ok'], 'cwd': '/home/user', 'clean_env': True}
fds = (72, 115, 121)

    def request(
        self,
        verb: str,
        args: Dict[str, Any] | None = None,
        fds: Sequence[int] = (),
    ) -> Any:
        """Issue one verb and return the response ``data`` (``ok:true``)."""
        if self._closed:
            raise SandlockError("SuperviseChannel is closed")
        payload = json.dumps({} if args is None else args).encode("utf-8")
        fd_array = None
        n_fds = len(fds)
        if n_fds:
            fd_array = (ctypes.c_int * n_fds)(*(int(fd) for fd in fds))
        err = ctypes.c_int(0)
        err_msg = ctypes.c_void_p()
        resp_p = _lib.sandlock_supervise_request(
            self._h,
            verb.encode("utf-8"),
            payload,
            fd_array,
            n_fds,
            ctypes.byref(err),
            ctypes.byref(err_msg),
        )
        if not resp_p:
            raise SandlockError(_take_err_msg(err_msg) or f"supervise verb {verb!r} failed")
        try:
            raw = ctypes.string_at(resp_p)
            response = json.loads(raw.decode("utf-8"))
        finally:
            _free_string(ctypes.c_void_p(resp_p))
        if not response.get("ok"):
            # F19/SL-13: the refusal's stable code rides the same frame as its
            # prose, so a host can branch on "the generation is over" without
            # parsing the sentence. `code` is None only for a slot older than
            # the field; it is never guessed from the message.
>           raise SlotRefusal(
                response.get("err") or f"supervise verb {verb!r} refused",
                code=response.get("code"),
            )
E           sandlock.exceptions.SlotRefusal: instance exec failed: process error: instance is closed (shut down, or the init channel closed after the main-exit container end); no new work is accepted

/usr/local/lib/python3.14/site-packages/sandlock/supervise.py:249: SlotRefusal

During handling of the above exception, another exception occurred:

fixturedef = <FixtureDef argname='require_sandlock' scope='function' baseid='tests/security'>
request = <SubRequest 'require_sandlock' for <Function test_read_etc_passwd_denied>>

    @pytest.hookimpl(wrapper=True)
    def pytest_fixture_setup(fixturedef: FixtureDef, request) -> object | None:
        if (
            fixturedef.argname == "event_loop_policy"
            and fixturedef.func.__module__ != __name__
        ):
            warnings.warn(
                PytestDeprecationWarning(_EVENT_LOOP_POLICY_FIXTURE_DEPRECATION_WARNING),
            )
        asyncio_mode = _get_asyncio_mode(request.config)
        if not _is_asyncio_fixture_function(fixturedef.func):
            if asyncio_mode == Mode.STRICT:
                # Ignore async fixtures without explicit asyncio mark in strict mode
                # This applies to pytest_trio fixtures, for example
                return (yield)
            if not _is_coroutine_or_asyncgen(fixturedef.func):
>               return (yield)
                        ^^^^^

/usr/local/lib/python3.14/site-packages/pytest_asyncio/plugin.py:926: 
_ _ _ _ _ _ _ _ _ _ _ _ _ _ _ _ _ _ _ _ _ _ _ _ _ _ _ _ _ _ _ _ _ _ _ _ _ _ _ _ 
/Users/polus/project/ai/sandlock-e2b/tests/security/conftest.py:151: in require_sandlock
    ???
/usr/local/lib/python3.14/asyncio/runners.py:205: in run
    return runner.run(main)
           ^^^^^^^^^^^^^^^^
/usr/local/lib/python3.14/asyncio/runners.py:128: in run
    return self._loop.run_until_complete(task)
           ^^^^^^^^^^^^^^^^^^^^^^^^^^^^^^^^^^^
/usr/local/lib/python3.14/asyncio/base_events.py:720: in run_until_complete
    return future.result()
           ^^^^^^^^^^^^^^^
/Users/polus/project/ai/sandlock-e2b/tests/security/conftest.py:272: in run_sh
    ???
envd_service/executors/sandlock.py:2854: in start
    proc = await _exec_once(inst)
           ^^^^^^^^^^^^^^^^^^^^^^
envd_service/executors/sandlock.py:2803: in _exec_once
    return await asyncio.to_thread(
/usr/local/lib/python3.14/asyncio/threads.py:26: in to_thread
    return await loop.run_in_executor(None, func_call)
           ^^^^^^^^^^^^^^^^^^^^^^^^^^^^^^^^^^^^^^^^^^^
/usr/local/lib/python3.14/concurrent/futures/thread.py:86: in run
    result = ctx.run(self.task)
             ^^^^^^^^^^^^^^^^^^
/usr/local/lib/python3.14/concurrent/futures/thread.py:73: in run
    return fn(*args, **kwargs)
           ^^^^^^^^^^^^^^^^^^^
envd_service/route_b.py:1567: in exec
    reply = self.request(
envd_service/route_b.py:1418: in request
    return ch.request(verb, args, fds=tuple(fds))
           ^^^^^^^^^^^^^^^^^^^^^^^^^^^^^^^^^^^^^^
_ _ _ _ _ _ _ _ _ _ _ _ _ _ _ _ _ _ _ _ _ _ _ _ _ _ _ _ _ _ _ _ _ _ _ _ _ _ _ _ 

self = <sandlock.supervise.SuperviseChannel object at 0x7f20ca75fc40>
verb = 'exec'
args = {'argv': ['/bin/sh', '-c', '/bin/echo ok'], 'cwd': '/home/user', 'clean_env': True}
fds = (72, 118, 122)

    def request(
        self,
        verb: str,
        args: Dict[str, Any] | None = None,
        fds: Sequence[int] = (),
    ) -> Any:
        """Issue one verb and return the response ``data`` (``ok:true``)."""
        if self._closed:
            raise SandlockError("SuperviseChannel is closed")
        payload = json.dumps({} if args is None else args).encode("utf-8")
        fd_array = None
        n_fds = len(fds)
        if n_fds:
            fd_array = (ctypes.c_int * n_fds)(*(int(fd) for fd in fds))
        err = ctypes.c_int(0)
        err_msg = ctypes.c_void_p()
        resp_p = _lib.sandlock_supervise_request(
            self._h,
            verb.encode("utf-8"),
            payload,
            fd_array,
            n_fds,
            ctypes.byref(err),
            ctypes.byref(err_msg),
        )
        if not resp_p:
            raise SandlockError(_take_err_msg(err_msg) or f"supervise verb {verb!r} failed")
        try:
            raw = ctypes.string_at(resp_p)
            response = json.loads(raw.decode("utf-8"))
        finally:
            _free_string(ctypes.c_void_p(resp_p))
        if not response.get("ok"):
            # F19/SL-13: the refusal's stable code rides the same frame as its
            # prose, so a host can branch on "the generation is over" without
            # parsing the sentence. `code` is None only for a slot older than
            # the field; it is never guessed from the message.
>           raise SlotRefusal(
                response.get("err") or f"supervise verb {verb!r} refused",
                code=response.get("code"),
            )
E           sandlock.exceptions.SlotRefusal: instance exec failed: process error: instance is closed (shut down, or the init channel closed after the main-exit container end); no new work is accepted

/usr/local/lib/python3.14/site-packages/sandlock/supervise.py:249: SlotRefusal
____________ ERROR at setup of test_write_outside_workspace_denied _____________

self = <envd_service.executors.sandlock.SandlockExecutor object at 0x7f20d03297f0>
config = ExecConfig(cmd=['/bin/sh', '-c', '/bin/echo ok'], env={}, cwd='/tmp/tmpb_dxhvvl-ws', stdin_enabled=False, pty=False, rows=24, cols=80, max_file_size=None)

    async def start(self, config: ExecConfig) -> SandlockRunningProcess:
        """Exec ``config.cmd`` onto the long-lived instance (M4 D3).
    
        PTY commands use the fork-native ``ExecStdio.PTY`` (host-side master,
        resized through ``ExecProcess.resize``) instead of the removed
        in-sandbox bridge; everything else uses ``ExecStdio.PIPED``. Per-exec
        cwd/env/clean_env/bind_ports come from ``_exec_params``. A
        closed/dead failure from ``inst.exec`` -- the in-process FFI's typed
        ``InstanceClosedError``/``InstanceDeadError``, or a route-B slot's
        coded refusal (idle-15min/24h instance expiry surfaces at exec time,
        not construction) -- rebuilds the instance exactly once under the
        lifecycle lock and retries the exec; after an explicit
        ``close()``/shutdown the executor fails loudly
        instead of rebuilding.
        """
        if sandlock is None:
            raise unimplemented("Sandlock is not available on this platform")
        if self._closed:
            raise RuntimeError(
                "sandlock executor is shut down; refusing to start a command "
                "on a rebuilt instance"
            )
        # The normal exec path takes the lifecycle lock around instance
        # creation too, so a concurrent ``update_network`` serializes against
        # it exactly like any other ``_ensure_instance`` caller -- but a
        # route-B creation (spawn + readiness probe) runs off the loop.
        inst = await self._ensure_instance_async()
        if inst is None:
            raise unimplemented("Sandlock is not available on this platform")
        stdio = ExecStdio.PTY if config.pty else ExecStdio.PIPED
        resolved = self.resolve_cmd(config.cmd)
    
        async def _exec_once(target) -> object:
            return await asyncio.to_thread(
                target.exec,
                resolved,
                stdio,
                **self._exec_params(
                    config, bind_ports=self._bind_ports_for(config)
                ),
            )
    
        try:
>           proc = await _exec_once(inst)
                   ^^^^^^^^^^^^^^^^^^^^^^

envd_service/executors/sandlock.py:2813: 
_ _ _ _ _ _ _ _ _ _ _ _ _ _ _ _ _ _ _ _ _ _ _ _ _ _ _ _ _ _ _ _ _ _ _ _ _ _ _ _ 
envd_service/executors/sandlock.py:2803: in _exec_once
    return await asyncio.to_thread(
/usr/local/lib/python3.14/asyncio/threads.py:26: in to_thread
    return await loop.run_in_executor(None, func_call)
           ^^^^^^^^^^^^^^^^^^^^^^^^^^^^^^^^^^^^^^^^^^^
/usr/local/lib/python3.14/concurrent/futures/thread.py:86: in run
    result = ctx.run(self.task)
             ^^^^^^^^^^^^^^^^^^
/usr/local/lib/python3.14/concurrent/futures/thread.py:73: in run
    return fn(*args, **kwargs)
           ^^^^^^^^^^^^^^^^^^^
envd_service/route_b.py:1567: in exec
    reply = self.request(
envd_service/route_b.py:1418: in request
    return ch.request(verb, args, fds=tuple(fds))
           ^^^^^^^^^^^^^^^^^^^^^^^^^^^^^^^^^^^^^^
_ _ _ _ _ _ _ _ _ _ _ _ _ _ _ _ _ _ _ _ _ _ _ _ _ _ _ _ _ _ _ _ _ _ _ _ _ _ _ _ 

self = <sandlock.supervise.SuperviseChannel object at 0x7f20ca75c6e0>
verb = 'exec'
args = {'argv': ['/bin/sh', '-c', '/bin/echo ok'], 'cwd': '/home/user', 'clean_env': True}
fds = (101, 126, 128)

    def request(
        self,
        verb: str,
        args: Dict[str, Any] | None = None,
        fds: Sequence[int] = (),
    ) -> Any:
        """Issue one verb and return the response ``data`` (``ok:true``)."""
        if self._closed:
            raise SandlockError("SuperviseChannel is closed")
        payload = json.dumps({} if args is None else args).encode("utf-8")
        fd_array = None
        n_fds = len(fds)
        if n_fds:
            fd_array = (ctypes.c_int * n_fds)(*(int(fd) for fd in fds))
        err = ctypes.c_int(0)
        err_msg = ctypes.c_void_p()
        resp_p = _lib.sandlock_supervise_request(
            self._h,
            verb.encode("utf-8"),
            payload,
            fd_array,
            n_fds,
            ctypes.byref(err),
            ctypes.byref(err_msg),
        )
        if not resp_p:
            raise SandlockError(_take_err_msg(err_msg) or f"supervise verb {verb!r} failed")
        try:
            raw = ctypes.string_at(resp_p)
            response = json.loads(raw.decode("utf-8"))
        finally:
            _free_string(ctypes.c_void_p(resp_p))
        if not response.get("ok"):
            # F19/SL-13: the refusal's stable code rides the same frame as its
            # prose, so a host can branch on "the generation is over" without
            # parsing the sentence. `code` is None only for a slot older than
            # the field; it is never guessed from the message.
>           raise SlotRefusal(
                response.get("err") or f"supervise verb {verb!r} refused",
                code=response.get("code"),
            )
E           sandlock.exceptions.SlotRefusal: instance exec failed: process error: instance is closed (shut down, or the init channel closed after the main-exit container end); no new work is accepted

/usr/local/lib/python3.14/site-packages/sandlock/supervise.py:249: SlotRefusal

During handling of the above exception, another exception occurred:

fixturedef = <FixtureDef argname='require_sandlock' scope='function' baseid='tests/security'>
request = <SubRequest 'require_sandlock' for <Function test_write_outside_workspace_denied>>

    @pytest.hookimpl(wrapper=True)
    def pytest_fixture_setup(fixturedef: FixtureDef, request) -> object | None:
        if (
            fixturedef.argname == "event_loop_policy"
            and fixturedef.func.__module__ != __name__
        ):
            warnings.warn(
                PytestDeprecationWarning(_EVENT_LOOP_POLICY_FIXTURE_DEPRECATION_WARNING),
            )
        asyncio_mode = _get_asyncio_mode(request.config)
        if not _is_asyncio_fixture_function(fixturedef.func):
            if asyncio_mode == Mode.STRICT:
                # Ignore async fixtures without explicit asyncio mark in strict mode
                # This applies to pytest_trio fixtures, for example
                return (yield)
            if not _is_coroutine_or_asyncgen(fixturedef.func):
>               return (yield)
                        ^^^^^

/usr/local/lib/python3.14/site-packages/pytest_asyncio/plugin.py:926: 
_ _ _ _ _ _ _ _ _ _ _ _ _ _ _ _ _ _ _ _ _ _ _ _ _ _ _ _ _ _ _ _ _ _ _ _ _ _ _ _ 
/Users/polus/project/ai/sandlock-e2b/tests/security/conftest.py:151: in require_sandlock
    ???
/usr/local/lib/python3.14/asyncio/runners.py:205: in run
    return runner.run(main)
           ^^^^^^^^^^^^^^^^
/usr/local/lib/python3.14/asyncio/runners.py:128: in run
    return self._loop.run_until_complete(task)
           ^^^^^^^^^^^^^^^^^^^^^^^^^^^^^^^^^^^
/usr/local/lib/python3.14/asyncio/base_events.py:720: in run_until_complete
    return future.result()
           ^^^^^^^^^^^^^^^
/Users/polus/project/ai/sandlock-e2b/tests/security/conftest.py:272: in run_sh
    ???
envd_service/executors/sandlock.py:2854: in start
    proc = await _exec_once(inst)
           ^^^^^^^^^^^^^^^^^^^^^^
envd_service/executors/sandlock.py:2803: in _exec_once
    return await asyncio.to_thread(
/usr/local/lib/python3.14/asyncio/threads.py:26: in to_thread
    return await loop.run_in_executor(None, func_call)
           ^^^^^^^^^^^^^^^^^^^^^^^^^^^^^^^^^^^^^^^^^^^
/usr/local/lib/python3.14/concurrent/futures/thread.py:86: in run
    result = ctx.run(self.task)
             ^^^^^^^^^^^^^^^^^^
/usr/local/lib/python3.14/concurrent/futures/thread.py:73: in run
    return fn(*args, **kwargs)
           ^^^^^^^^^^^^^^^^^^^
envd_service/route_b.py:1567: in exec
    reply = self.request(
envd_service/route_b.py:1418: in request
    return ch.request(verb, args, fds=tuple(fds))
           ^^^^^^^^^^^^^^^^^^^^^^^^^^^^^^^^^^^^^^
_ _ _ _ _ _ _ _ _ _ _ _ _ _ _ _ _ _ _ _ _ _ _ _ _ _ _ _ _ _ _ _ _ _ _ _ _ _ _ _ 

self = <sandlock.supervise.SuperviseChannel object at 0x7f20ca75c3d0>
verb = 'exec'
args = {'argv': ['/bin/sh', '-c', '/bin/echo ok'], 'cwd': '/home/user', 'clean_env': True}
fds = (101, 127, 130)

    def request(
        self,
        verb: str,
        args: Dict[str, Any] | None = None,
        fds: Sequence[int] = (),
    ) -> Any:
        """Issue one verb and return the response ``data`` (``ok:true``)."""
        if self._closed:
            raise SandlockError("SuperviseChannel is closed")
        payload = json.dumps({} if args is None else args).encode("utf-8")
        fd_array = None
        n_fds = len(fds)
        if n_fds:
            fd_array = (ctypes.c_int * n_fds)(*(int(fd) for fd in fds))
        err = ctypes.c_int(0)
        err_msg = ctypes.c_void_p()
        resp_p = _lib.sandlock_supervise_request(
            self._h,
            verb.encode("utf-8"),
            payload,
            fd_array,
            n_fds,
            ctypes.byref(err),
            ctypes.byref(err_msg),
        )
        if not resp_p:
            raise SandlockError(_take_err_msg(err_msg) or f"supervise verb {verb!r} failed")
        try:
            raw = ctypes.string_at(resp_p)
            response = json.loads(raw.decode("utf-8"))
        finally:
            _free_string(ctypes.c_void_p(resp_p))
        if not response.get("ok"):
            # F19/SL-13: the refusal's stable code rides the same frame as its
            # prose, so a host can branch on "the generation is over" without
            # parsing the sentence. `code` is None only for a slot older than
            # the field; it is never guessed from the message.
>           raise SlotRefusal(
                response.get("err") or f"supervise verb {verb!r} refused",
                code=response.get("code"),
            )
E           sandlock.exceptions.SlotRefusal: instance exec failed: process error: instance is closed (shut down, or the init channel closed after the main-exit container end); no new work is accepted

/usr/local/lib/python3.14/site-packages/sandlock/supervise.py:249: SlotRefusal
_______________ ERROR at setup of test_sys_and_proc_kcore_denied _______________

self = <envd_service.executors.sandlock.SandlockExecutor object at 0x7f20d0329a90>
config = ExecConfig(cmd=['/bin/sh', '-c', '/bin/echo ok'], env={}, cwd='/tmp/tmpt4zolu_s-ws', stdin_enabled=False, pty=False, rows=24, cols=80, max_file_size=None)

    async def start(self, config: ExecConfig) -> SandlockRunningProcess:
        """Exec ``config.cmd`` onto the long-lived instance (M4 D3).
    
        PTY commands use the fork-native ``ExecStdio.PTY`` (host-side master,
        resized through ``ExecProcess.resize``) instead of the removed
        in-sandbox bridge; everything else uses ``ExecStdio.PIPED``. Per-exec
        cwd/env/clean_env/bind_ports come from ``_exec_params``. A
        closed/dead failure from ``inst.exec`` -- the in-process FFI's typed
        ``InstanceClosedError``/``InstanceDeadError``, or a route-B slot's
        coded refusal (idle-15min/24h instance expiry surfaces at exec time,
        not construction) -- rebuilds the instance exactly once under the
        lifecycle lock and retries the exec; after an explicit
        ``close()``/shutdown the executor fails loudly
        instead of rebuilding.
        """
        if sandlock is None:
            raise unimplemented("Sandlock is not available on this platform")
        if self._closed:
            raise RuntimeError(
                "sandlock executor is shut down; refusing to start a command "
                "on a rebuilt instance"
            )
        # The normal exec path takes the lifecycle lock around instance
        # creation too, so a concurrent ``update_network`` serializes against
        # it exactly like any other ``_ensure_instance`` caller -- but a
        # route-B creation (spawn + readiness probe) runs off the loop.
        inst = await self._ensure_instance_async()
        if inst is None:
            raise unimplemented("Sandlock is not available on this platform")
        stdio = ExecStdio.PTY if config.pty else ExecStdio.PIPED
        resolved = self.resolve_cmd(config.cmd)
    
        async def _exec_once(target) -> object:
            return await asyncio.to_thread(
                target.exec,
                resolved,
                stdio,
                **self._exec_params(
                    config, bind_ports=self._bind_ports_for(config)
                ),
            )
    
        try:
>           proc = await _exec_once(inst)
                   ^^^^^^^^^^^^^^^^^^^^^^

envd_service/executors/sandlock.py:2813: 
_ _ _ _ _ _ _ _ _ _ _ _ _ _ _ _ _ _ _ _ _ _ _ _ _ _ _ _ _ _ _ _ _ _ _ _ _ _ _ _ 
envd_service/executors/sandlock.py:2803: in _exec_once
    return await asyncio.to_thread(
/usr/local/lib/python3.14/asyncio/threads.py:26: in to_thread
    return await loop.run_in_executor(None, func_call)
           ^^^^^^^^^^^^^^^^^^^^^^^^^^^^^^^^^^^^^^^^^^^
/usr/local/lib/python3.14/concurrent/futures/thread.py:86: in run
    result = ctx.run(self.task)
             ^^^^^^^^^^^^^^^^^^
/usr/local/lib/python3.14/concurrent/futures/thread.py:73: in run
    return fn(*args, **kwargs)
           ^^^^^^^^^^^^^^^^^^^
envd_service/route_b.py:1567: in exec
    reply = self.request(
envd_service/route_b.py:1418: in request
    return ch.request(verb, args, fds=tuple(fds))
           ^^^^^^^^^^^^^^^^^^^^^^^^^^^^^^^^^^^^^^
_ _ _ _ _ _ _ _ _ _ _ _ _ _ _ _ _ _ _ _ _ _ _ _ _ _ _ _ _ _ _ _ _ _ _ _ _ _ _ _ 

self = <sandlock.supervise.SuperviseChannel object at 0x7f20ca755ef0>
verb = 'exec'
args = {'argv': ['/bin/sh', '-c', '/bin/echo ok'], 'cwd': '/home/user', 'clean_env': True}
fds = (114, 128, 132)

    def request(
        self,
        verb: str,
        args: Dict[str, Any] | None = None,
        fds: Sequence[int] = (),
    ) -> Any:
        """Issue one verb and return the response ``data`` (``ok:true``)."""
        if self._closed:
            raise SandlockError("SuperviseChannel is closed")
        payload = json.dumps({} if args is None else args).encode("utf-8")
        fd_array = None
        n_fds = len(fds)
        if n_fds:
            fd_array = (ctypes.c_int * n_fds)(*(int(fd) for fd in fds))
        err = ctypes.c_int(0)
        err_msg = ctypes.c_void_p()
        resp_p = _lib.sandlock_supervise_request(
            self._h,
            verb.encode("utf-8"),
            payload,
            fd_array,
            n_fds,
            ctypes.byref(err),
            ctypes.byref(err_msg),
        )
        if not resp_p:
            raise SandlockError(_take_err_msg(err_msg) or f"supervise verb {verb!r} failed")
        try:
            raw = ctypes.string_at(resp_p)
            response = json.loads(raw.decode("utf-8"))
        finally:
            _free_string(ctypes.c_void_p(resp_p))
        if not response.get("ok"):
            # F19/SL-13: the refusal's stable code rides the same frame as its
            # prose, so a host can branch on "the generation is over" without
            # parsing the sentence. `code` is None only for a slot older than
            # the field; it is never guessed from the message.
>           raise SlotRefusal(
                response.get("err") or f"supervise verb {verb!r} refused",
                code=response.get("code"),
            )
E           sandlock.exceptions.SlotRefusal: instance exec failed: process error: instance is closed (shut down, or the init channel closed after the main-exit container end); no new work is accepted

/usr/local/lib/python3.14/site-packages/sandlock/supervise.py:249: SlotRefusal

During handling of the above exception, another exception occurred:

fixturedef = <FixtureDef argname='require_sandlock' scope='function' baseid='tests/security'>
request = <SubRequest 'require_sandlock' for <Function test_sys_and_proc_kcore_denied>>

    @pytest.hookimpl(wrapper=True)
    def pytest_fixture_setup(fixturedef: FixtureDef, request) -> object | None:
        if (
            fixturedef.argname == "event_loop_policy"
            and fixturedef.func.__module__ != __name__
        ):
            warnings.warn(
                PytestDeprecationWarning(_EVENT_LOOP_POLICY_FIXTURE_DEPRECATION_WARNING),
            )
        asyncio_mode = _get_asyncio_mode(request.config)
        if not _is_asyncio_fixture_function(fixturedef.func):
            if asyncio_mode == Mode.STRICT:
                # Ignore async fixtures without explicit asyncio mark in strict mode
                # This applies to pytest_trio fixtures, for example
                return (yield)
            if not _is_coroutine_or_asyncgen(fixturedef.func):
>               return (yield)
                        ^^^^^

/usr/local/lib/python3.14/site-packages/pytest_asyncio/plugin.py:926: 
_ _ _ _ _ _ _ _ _ _ _ _ _ _ _ _ _ _ _ _ _ _ _ _ _ _ _ _ _ _ _ _ _ _ _ _ _ _ _ _ 
/Users/polus/project/ai/sandlock-e2b/tests/security/conftest.py:151: in require_sandlock
    ???
/usr/local/lib/python3.14/asyncio/runners.py:205: in run
    return runner.run(main)
           ^^^^^^^^^^^^^^^^
/usr/local/lib/python3.14/asyncio/runners.py:128: in run
    return self._loop.run_until_complete(task)
           ^^^^^^^^^^^^^^^^^^^^^^^^^^^^^^^^^^^
/usr/local/lib/python3.14/asyncio/base_events.py:720: in run_until_complete
    return future.result()
           ^^^^^^^^^^^^^^^
/Users/polus/project/ai/sandlock-e2b/tests/security/conftest.py:272: in run_sh
    ???
envd_service/executors/sandlock.py:2854: in start
    proc = await _exec_once(inst)
           ^^^^^^^^^^^^^^^^^^^^^^
envd_service/executors/sandlock.py:2803: in _exec_once
    return await asyncio.to_thread(
/usr/local/lib/python3.14/asyncio/threads.py:26: in to_thread
    return await loop.run_in_executor(None, func_call)
           ^^^^^^^^^^^^^^^^^^^^^^^^^^^^^^^^^^^^^^^^^^^
/usr/local/lib/python3.14/concurrent/futures/thread.py:86: in run
    result = ctx.run(self.task)
             ^^^^^^^^^^^^^^^^^^
/usr/local/lib/python3.14/concurrent/futures/thread.py:73: in run
    return fn(*args, **kwargs)
           ^^^^^^^^^^^^^^^^^^^
envd_service/route_b.py:1567: in exec
    reply = self.request(
envd_service/route_b.py:1418: in request
    return ch.request(verb, args, fds=tuple(fds))
           ^^^^^^^^^^^^^^^^^^^^^^^^^^^^^^^^^^^^^^
_ _ _ _ _ _ _ _ _ _ _ _ _ _ _ _ _ _ _ _ _ _ _ _ _ _ _ _ _ _ _ _ _ _ _ _ _ _ _ _ 

self = <sandlock.supervise.SuperviseChannel object at 0x7f20ca755940>
verb = 'exec'
args = {'argv': ['/bin/sh', '-c', '/bin/echo ok'], 'cwd': '/home/user', 'clean_env': True}
fds = (114, 130, 133)

    def request(
        self,
        verb: str,
        args: Dict[str, Any] | None = None,
        fds: Sequence[int] = (),
    ) -> Any:
        """Issue one verb and return the response ``data`` (``ok:true``)."""
        if self._closed:
            raise SandlockError("SuperviseChannel is closed")
        payload = json.dumps({} if args is None else args).encode("utf-8")
        fd_array = None
        n_fds = len(fds)
        if n_fds:
            fd_array = (ctypes.c_int * n_fds)(*(int(fd) for fd in fds))
        err = ctypes.c_int(0)
        err_msg = ctypes.c_void_p()
        resp_p = _lib.sandlock_supervise_request(
            self._h,
            verb.encode("utf-8"),
            payload,
            fd_array,
            n_fds,
            ctypes.byref(err),
            ctypes.byref(err_msg),
        )
        if not resp_p:
            raise SandlockError(_take_err_msg(err_msg) or f"supervise verb {verb!r} failed")
        try:
            raw = ctypes.string_at(resp_p)
            response = json.loads(raw.decode("utf-8"))
        finally:
            _free_string(ctypes.c_void_p(resp_p))
        if not response.get("ok"):
            # F19/SL-13: the refusal's stable code rides the same frame as its
            # prose, so a host can branch on "the generation is over" without
            # parsing the sentence. `code` is None only for a slot older than
            # the field; it is never guessed from the message.
>           raise SlotRefusal(
                response.get("err") or f"supervise verb {verb!r} refused",
                code=response.get("code"),
            )
E           sandlock.exceptions.SlotRefusal: instance exec failed: process error: instance is closed (shut down, or the init channel closed after the main-exit container end); no new work is accepted

/usr/local/lib/python3.14/site-packages/sandlock/supervise.py:249: SlotRefusal
________________ ERROR at setup of test_default_network_denied _________________

self = <envd_service.executors.sandlock.SandlockExecutor object at 0x7f20d0329fd0>
config = ExecConfig(cmd=['/bin/sh', '-c', '/bin/echo ok'], env={}, cwd='/tmp/tmpr5ig8o9h-ws', stdin_enabled=False, pty=False, rows=24, cols=80, max_file_size=None)

    async def start(self, config: ExecConfig) -> SandlockRunningProcess:
        """Exec ``config.cmd`` onto the long-lived instance (M4 D3).
    
        PTY commands use the fork-native ``ExecStdio.PTY`` (host-side master,
        resized through ``ExecProcess.resize``) instead of the removed
        in-sandbox bridge; everything else uses ``ExecStdio.PIPED``. Per-exec
        cwd/env/clean_env/bind_ports come from ``_exec_params``. A
        closed/dead failure from ``inst.exec`` -- the in-process FFI's typed
        ``InstanceClosedError``/``InstanceDeadError``, or a route-B slot's
        coded refusal (idle-15min/24h instance expiry surfaces at exec time,
        not construction) -- rebuilds the instance exactly once under the
        lifecycle lock and retries the exec; after an explicit
        ``close()``/shutdown the executor fails loudly
        instead of rebuilding.
        """
        if sandlock is None:
            raise unimplemented("Sandlock is not available on this platform")
        if self._closed:
            raise RuntimeError(
                "sandlock executor is shut down; refusing to start a command "
                "on a rebuilt instance"
            )
        # The normal exec path takes the lifecycle lock around instance
        # creation too, so a concurrent ``update_network`` serializes against
        # it exactly like any other ``_ensure_instance`` caller -- but a
        # route-B creation (spawn + readiness probe) runs off the loop.
        inst = await self._ensure_instance_async()
        if inst is None:
            raise unimplemented("Sandlock is not available on this platform")
        stdio = ExecStdio.PTY if config.pty else ExecStdio.PIPED
        resolved = self.resolve_cmd(config.cmd)
    
        async def _exec_once(target) -> object:
            return await asyncio.to_thread(
                target.exec,
                resolved,
                stdio,
                **self._exec_params(
                    config, bind_ports=self._bind_ports_for(config)
                ),
            )
    
        try:
>           proc = await _exec_once(inst)
                   ^^^^^^^^^^^^^^^^^^^^^^

envd_service/executors/sandlock.py:2813: 
_ _ _ _ _ _ _ _ _ _ _ _ _ _ _ _ _ _ _ _ _ _ _ _ _ _ _ _ _ _ _ _ _ _ _ _ _ _ _ _ 
envd_service/executors/sandlock.py:2803: in _exec_once
    return await asyncio.to_thread(
/usr/local/lib/python3.14/asyncio/threads.py:26: in to_thread
    return await loop.run_in_executor(None, func_call)
           ^^^^^^^^^^^^^^^^^^^^^^^^^^^^^^^^^^^^^^^^^^^
/usr/local/lib/python3.14/concurrent/futures/thread.py:86: in run
    result = ctx.run(self.task)
             ^^^^^^^^^^^^^^^^^^
/usr/local/lib/python3.14/concurrent/futures/thread.py:73: in run
    return fn(*args, **kwargs)
           ^^^^^^^^^^^^^^^^^^^
envd_service/route_b.py:1567: in exec
    reply = self.request(
envd_service/route_b.py:1418: in request
    return ch.request(verb, args, fds=tuple(fds))
           ^^^^^^^^^^^^^^^^^^^^^^^^^^^^^^^^^^^^^^
_ _ _ _ _ _ _ _ _ _ _ _ _ _ _ _ _ _ _ _ _ _ _ _ _ _ _ _ _ _ _ _ _ _ _ _ _ _ _ _ 

self = <sandlock.supervise.SuperviseChannel object at 0x7f20ca755240>
verb = 'exec'
args = {'argv': ['/bin/sh', '-c', '/bin/echo ok'], 'cwd': '/home/user', 'clean_env': True}
fds = (121, 135, 137)

    def request(
        self,
        verb: str,
        args: Dict[str, Any] | None = None,
        fds: Sequence[int] = (),
    ) -> Any:
        """Issue one verb and return the response ``data`` (``ok:true``)."""
        if self._closed:
            raise SandlockError("SuperviseChannel is closed")
        payload = json.dumps({} if args is None else args).encode("utf-8")
        fd_array = None
        n_fds = len(fds)
        if n_fds:
            fd_array = (ctypes.c_int * n_fds)(*(int(fd) for fd in fds))
        err = ctypes.c_int(0)
        err_msg = ctypes.c_void_p()
        resp_p = _lib.sandlock_supervise_request(
            self._h,
            verb.encode("utf-8"),
            payload,
            fd_array,
            n_fds,
            ctypes.byref(err),
            ctypes.byref(err_msg),
        )
        if not resp_p:
            raise SandlockError(_take_err_msg(err_msg) or f"supervise verb {verb!r} failed")
        try:
            raw = ctypes.string_at(resp_p)
            response = json.loads(raw.decode("utf-8"))
        finally:
            _free_string(ctypes.c_void_p(resp_p))
        if not response.get("ok"):
            # F19/SL-13: the refusal's stable code rides the same frame as its
            # prose, so a host can branch on "the generation is over" without
            # parsing the sentence. `code` is None only for a slot older than
            # the field; it is never guessed from the message.
>           raise SlotRefusal(
                response.get("err") or f"supervise verb {verb!r} refused",
                code=response.get("code"),
            )
E           sandlock.exceptions.SlotRefusal: instance exec failed: process error: instance is closed (shut down, or the init channel closed after the main-exit container end); no new work is accepted

/usr/local/lib/python3.14/site-packages/sandlock/supervise.py:249: SlotRefusal

During handling of the above exception, another exception occurred:

fixturedef = <FixtureDef argname='require_sandlock' scope='function' baseid='tests/security'>
request = <SubRequest 'require_sandlock' for <Function test_default_network_denied>>

    @pytest.hookimpl(wrapper=True)
    def pytest_fixture_setup(fixturedef: FixtureDef, request) -> object | None:
        if (
            fixturedef.argname == "event_loop_policy"
            and fixturedef.func.__module__ != __name__
        ):
            warnings.warn(
                PytestDeprecationWarning(_EVENT_LOOP_POLICY_FIXTURE_DEPRECATION_WARNING),
            )
        asyncio_mode = _get_asyncio_mode(request.config)
        if not _is_asyncio_fixture_function(fixturedef.func):
            if asyncio_mode == Mode.STRICT:
                # Ignore async fixtures without explicit asyncio mark in strict mode
                # This applies to pytest_trio fixtures, for example
                return (yield)
            if not _is_coroutine_or_asyncgen(fixturedef.func):
>               return (yield)
                        ^^^^^

/usr/local/lib/python3.14/site-packages/pytest_asyncio/plugin.py:926: 
_ _ _ _ _ _ _ _ _ _ _ _ _ _ _ _ _ _ _ _ _ _ _ _ _ _ _ _ _ _ _ _ _ _ _ _ _ _ _ _ 
/Users/polus/project/ai/sandlock-e2b/tests/security/conftest.py:151: in require_sandlock
    ???
/usr/local/lib/python3.14/asyncio/runners.py:205: in run
    return runner.run(main)
           ^^^^^^^^^^^^^^^^
/usr/local/lib/python3.14/asyncio/runners.py:128: in run
    return self._loop.run_until_complete(task)
           ^^^^^^^^^^^^^^^^^^^^^^^^^^^^^^^^^^^
/usr/local/lib/python3.14/asyncio/base_events.py:720: in run_until_complete
    return future.result()
           ^^^^^^^^^^^^^^^
/Users/polus/project/ai/sandlock-e2b/tests/security/conftest.py:272: in run_sh
    ???
envd_service/executors/sandlock.py:2854: in start
    proc = await _exec_once(inst)
           ^^^^^^^^^^^^^^^^^^^^^^
envd_service/executors/sandlock.py:2803: in _exec_once
    return await asyncio.to_thread(
/usr/local/lib/python3.14/asyncio/threads.py:26: in to_thread
    return await loop.run_in_executor(None, func_call)
           ^^^^^^^^^^^^^^^^^^^^^^^^^^^^^^^^^^^^^^^^^^^
/usr/local/lib/python3.14/concurrent/futures/thread.py:86: in run
    result = ctx.run(self.task)
             ^^^^^^^^^^^^^^^^^^
/usr/local/lib/python3.14/concurrent/futures/thread.py:73: in run
    return fn(*args, **kwargs)
           ^^^^^^^^^^^^^^^^^^^
envd_service/route_b.py:1567: in exec
    reply = self.request(
envd_service/route_b.py:1418: in request
    return ch.request(verb, args, fds=tuple(fds))
           ^^^^^^^^^^^^^^^^^^^^^^^^^^^^^^^^^^^^^^
_ _ _ _ _ _ _ _ _ _ _ _ _ _ _ _ _ _ _ _ _ _ _ _ _ _ _ _ _ _ _ _ _ _ _ _ _ _ _ _ 

self = <sandlock.supervise.SuperviseChannel object at 0x7f20ca754130>
verb = 'exec'
args = {'argv': ['/bin/sh', '-c', '/bin/echo ok'], 'cwd': '/home/user', 'clean_env': True}
fds = (121, 136, 138)

    def request(
        self,
        verb: str,
        args: Dict[str, Any] | None = None,
        fds: Sequence[int] = (),
    ) -> Any:
        """Issue one verb and return the response ``data`` (``ok:true``)."""
        if self._closed:
            raise SandlockError("SuperviseChannel is closed")
        payload = json.dumps({} if args is None else args).encode("utf-8")
        fd_array = None
        n_fds = len(fds)
        if n_fds:
            fd_array = (ctypes.c_int * n_fds)(*(int(fd) for fd in fds))
        err = ctypes.c_int(0)
        err_msg = ctypes.c_void_p()
        resp_p = _lib.sandlock_supervise_request(
            self._h,
            verb.encode("utf-8"),
            payload,
            fd_array,
            n_fds,
            ctypes.byref(err),
            ctypes.byref(err_msg),
        )
        if not resp_p:
            raise SandlockError(_take_err_msg(err_msg) or f"supervise verb {verb!r} failed")
        try:
            raw = ctypes.string_at(resp_p)
            response = json.loads(raw.decode("utf-8"))
        finally:
            _free_string(ctypes.c_void_p(resp_p))
        if not response.get("ok"):
            # F19/SL-13: the refusal's stable code rides the same frame as its
            # prose, so a host can branch on "the generation is over" without
            # parsing the sentence. `code` is None only for a slot older than
            # the field; it is never guessed from the message.
>           raise SlotRefusal(
                response.get("err") or f"supervise verb {verb!r} refused",
                code=response.get("code"),
            )
E           sandlock.exceptions.SlotRefusal: instance exec failed: process error: instance is closed (shut down, or the init channel closed after the main-exit container end); no new work is accepted

/usr/local/lib/python3.14/site-packages/sandlock/supervise.py:249: SlotRefusal
_____________ ERROR at setup of test_install_to_system_path_denied _____________

fixturedef = <FixtureDef argname='require_sandlock' scope='function' baseid='tests/security'>
request = <SubRequest 'require_sandlock' for <Function test_install_to_system_path_denied>>

    @pytest.hookimpl(wrapper=True)
    def pytest_fixture_setup(fixturedef: FixtureDef, request) -> object | None:
        if (
            fixturedef.argname == "event_loop_policy"
            and fixturedef.func.__module__ != __name__
        ):
            warnings.warn(
                PytestDeprecationWarning(_EVENT_LOOP_POLICY_FIXTURE_DEPRECATION_WARNING),
            )
        asyncio_mode = _get_asyncio_mode(request.config)
        if not _is_asyncio_fixture_function(fixturedef.func):
            if asyncio_mode == Mode.STRICT:
                # Ignore async fixtures without explicit asyncio mark in strict mode
                # This applies to pytest_trio fixtures, for example
                return (yield)
            if not _is_coroutine_or_asyncgen(fixturedef.func):
>               return (yield)
                        ^^^^^

/usr/local/lib/python3.14/site-packages/pytest_asyncio/plugin.py:926: 
_ _ _ _ _ _ _ _ _ _ _ _ _ _ _ _ _ _ _ _ _ _ _ _ _ _ _ _ _ _ _ _ _ _ _ _ _ _ _ _ 
/Users/polus/project/ai/sandlock-e2b/tests/security/conftest.py:151: in require_sandlock
    ???
/usr/local/lib/python3.14/asyncio/runners.py:205: in run
    return runner.run(main)
           ^^^^^^^^^^^^^^^^
/usr/local/lib/python3.14/asyncio/runners.py:128: in run
    return self._loop.run_until_complete(task)
           ^^^^^^^^^^^^^^^^^^^^^^^^^^^^^^^^^^^
/usr/local/lib/python3.14/asyncio/base_events.py:720: in run_until_complete
    return future.result()
           ^^^^^^^^^^^^^^^
/Users/polus/project/ai/sandlock-e2b/tests/security/conftest.py:272: in run_sh
    ???
envd_service/executors/sandlock.py:2813: in start
    proc = await _exec_once(inst)
           ^^^^^^^^^^^^^^^^^^^^^^
envd_service/executors/sandlock.py:2803: in _exec_once
    return await asyncio.to_thread(
/usr/local/lib/python3.14/asyncio/threads.py:26: in to_thread
    return await loop.run_in_executor(None, func_call)
           ^^^^^^^^^^^^^^^^^^^^^^^^^^^^^^^^^^^^^^^^^^^
/usr/local/lib/python3.14/concurrent/futures/thread.py:86: in run
    result = ctx.run(self.task)
             ^^^^^^^^^^^^^^^^^^
/usr/local/lib/python3.14/concurrent/futures/thread.py:73: in run
    return fn(*args, **kwargs)
           ^^^^^^^^^^^^^^^^^^^
envd_service/route_b.py:1567: in exec
    reply = self.request(
envd_service/route_b.py:1418: in request
    return ch.request(verb, args, fds=tuple(fds))
           ^^^^^^^^^^^^^^^^^^^^^^^^^^^^^^^^^^^^^^
_ _ _ _ _ _ _ _ _ _ _ _ _ _ _ _ _ _ _ _ _ _ _ _ _ _ _ _ _ _ _ _ _ _ _ _ _ _ _ _ 

self = <sandlock.supervise.SuperviseChannel object at 0x7f20ca75e740>
verb = 'exec'
args = {'argv': ['/bin/sh', '-c', '/bin/echo ok'], 'cwd': '/home/user', 'clean_env': True}
fds = (127, 137, 140)

    def request(
        self,
        verb: str,
        args: Dict[str, Any] | None = None,
        fds: Sequence[int] = (),
    ) -> Any:
        """Issue one verb and return the response ``data`` (``ok:true``)."""
        if self._closed:
            raise SandlockError("SuperviseChannel is closed")
        payload = json.dumps({} if args is None else args).encode("utf-8")
        fd_array = None
        n_fds = len(fds)
        if n_fds:
            fd_array = (ctypes.c_int * n_fds)(*(int(fd) for fd in fds))
        err = ctypes.c_int(0)
        err_msg = ctypes.c_void_p()
        resp_p = _lib.sandlock_supervise_request(
            self._h,
            verb.encode("utf-8"),
            payload,
            fd_array,
            n_fds,
            ctypes.byref(err),
            ctypes.byref(err_msg),
        )
        if not resp_p:
            raise SandlockError(_take_err_msg(err_msg) or f"supervise verb {verb!r} failed")
        try:
            raw = ctypes.string_at(resp_p)
            response = json.loads(raw.decode("utf-8"))
        finally:
            _free_string(ctypes.c_void_p(resp_p))
        if not response.get("ok"):
            # F19/SL-13: the refusal's stable code rides the same frame as its
            # prose, so a host can branch on "the generation is over" without
            # parsing the sentence. `code` is None only for a slot older than
            # the field; it is never guessed from the message.
>           raise SlotRefusal(
                response.get("err") or f"supervise verb {verb!r} refused",
                code=response.get("code"),
            )
E           sandlock.exceptions.SlotRefusal: instance exec failed: process error: io error: Broken pipe (os error 32)

/usr/local/lib/python3.14/site-packages/sandlock/supervise.py:249: SlotRefusal
------------------------------ Captured log setup ------------------------------
WARNING  envd_service.executors.sandlock:sandlock.py:2827 sandlock exec failed sandbox_id=sbx_slot_27 instance_name=sbx_slot_27 argv=['/bin/sh', '-c', '/bin/echo ok'] error_type=SlotRefusal error=instance exec failed: process error: io error: Broken pipe (os error 32)
WARNING  envd_service.executors.sandlock:sandlock.py:1136 sandlock exec failure context sandbox_id=sbx_slot_27 exit_code=None argv=['/bin/sh', '-c', '/bin/echo ok'] cwd=/home/user env={} chroot=None rootfs_tools=None dynamic_linker=None ca_bundle=False
______ ERROR at setup of test_user_cli_install_within_workspace_persists _______

fixturedef = <FixtureDef argname='require_sandlock' scope='function' baseid='tests/security'>
request = <SubRequest 'require_sandlock' for <Function test_user_cli_install_within_workspace_persists>>

    @pytest.hookimpl(wrapper=True)
    def pytest_fixture_setup(fixturedef: FixtureDef, request) -> object | None:
        if (
            fixturedef.argname == "event_loop_policy"
            and fixturedef.func.__module__ != __name__
        ):
            warnings.warn(
                PytestDeprecationWarning(_EVENT_LOOP_POLICY_FIXTURE_DEPRECATION_WARNING),
            )
        asyncio_mode = _get_asyncio_mode(request.config)
        if not _is_asyncio_fixture_function(fixturedef.func):
            if asyncio_mode == Mode.STRICT:
                # Ignore async fixtures without explicit asyncio mark in strict mode
                # This applies to pytest_trio fixtures, for example
                return (yield)
            if not _is_coroutine_or_asyncgen(fixturedef.func):
>               return (yield)
                        ^^^^^

/usr/local/lib/python3.14/site-packages/pytest_asyncio/plugin.py:926: 
_ _ _ _ _ _ _ _ _ _ _ _ _ _ _ _ _ _ _ _ _ _ _ _ _ _ _ _ _ _ _ _ _ _ _ _ _ _ _ _ 
/Users/polus/project/ai/sandlock-e2b/tests/security/conftest.py:151: in require_sandlock
    ???
/usr/local/lib/python3.14/asyncio/runners.py:205: in run
    return runner.run(main)
           ^^^^^^^^^^^^^^^^
/usr/local/lib/python3.14/asyncio/runners.py:128: in run
    return self._loop.run_until_complete(task)
           ^^^^^^^^^^^^^^^^^^^^^^^^^^^^^^^^^^^
/usr/local/lib/python3.14/asyncio/base_events.py:720: in run_until_complete
    return future.result()
           ^^^^^^^^^^^^^^^
/Users/polus/project/ai/sandlock-e2b/tests/security/conftest.py:272: in run_sh
    ???
envd_service/executors/sandlock.py:2813: in start
    proc = await _exec_once(inst)
           ^^^^^^^^^^^^^^^^^^^^^^
envd_service/executors/sandlock.py:2803: in _exec_once
    return await asyncio.to_thread(
/usr/local/lib/python3.14/asyncio/threads.py:26: in to_thread
    return await loop.run_in_executor(None, func_call)
           ^^^^^^^^^^^^^^^^^^^^^^^^^^^^^^^^^^^^^^^^^^^
/usr/local/lib/python3.14/concurrent/futures/thread.py:86: in run
    result = ctx.run(self.task)
             ^^^^^^^^^^^^^^^^^^
/usr/local/lib/python3.14/concurrent/futures/thread.py:73: in run
    return fn(*args, **kwargs)
           ^^^^^^^^^^^^^^^^^^^
envd_service/route_b.py:1567: in exec
    reply = self.request(
envd_service/route_b.py:1418: in request
    return ch.request(verb, args, fds=tuple(fds))
           ^^^^^^^^^^^^^^^^^^^^^^^^^^^^^^^^^^^^^^
_ _ _ _ _ _ _ _ _ _ _ _ _ _ _ _ _ _ _ _ _ _ _ _ _ _ _ _ _ _ _ _ _ _ _ _ _ _ _ _ 

self = <sandlock.supervise.SuperviseChannel object at 0x7f20ca75c750>
verb = 'exec'
args = {'argv': ['/bin/sh', '-c', '/bin/echo ok'], 'cwd': '/home/user', 'clean_env': True}
fds = (132, 142, 144)

    def request(
        self,
        verb: str,
        args: Dict[str, Any] | None = None,
        fds: Sequence[int] = (),
    ) -> Any:
        """Issue one verb and return the response ``data`` (``ok:true``)."""
        if self._closed:
            raise SandlockError("SuperviseChannel is closed")
        payload = json.dumps({} if args is None else args).encode("utf-8")
        fd_array = None
        n_fds = len(fds)
        if n_fds:
            fd_array = (ctypes.c_int * n_fds)(*(int(fd) for fd in fds))
        err = ctypes.c_int(0)
        err_msg = ctypes.c_void_p()
        resp_p = _lib.sandlock_supervise_request(
            self._h,
            verb.encode("utf-8"),
            payload,
            fd_array,
            n_fds,
            ctypes.byref(err),
            ctypes.byref(err_msg),
        )
        if not resp_p:
            raise SandlockError(_take_err_msg(err_msg) or f"supervise verb {verb!r} failed")
        try:
            raw = ctypes.string_at(resp_p)
            response = json.loads(raw.decode("utf-8"))
        finally:
            _free_string(ctypes.c_void_p(resp_p))
        if not response.get("ok"):
            # F19/SL-13: the refusal's stable code rides the same frame as its
            # prose, so a host can branch on "the generation is over" without
            # parsing the sentence. `code` is None only for a slot older than
            # the field; it is never guessed from the message.
>           raise SlotRefusal(
                response.get("err") or f"supervise verb {verb!r} refused",
                code=response.get("code"),
            )
E           sandlock.exceptions.SlotRefusal: instance exec failed: process error: io error: Broken pipe (os error 32)

/usr/local/lib/python3.14/site-packages/sandlock/supervise.py:249: SlotRefusal
------------------------------ Captured log setup ------------------------------
WARNING  envd_service.executors.sandlock:sandlock.py:2827 sandlock exec failed sandbox_id=sbx_slot_28 instance_name=sbx_slot_28 argv=['/bin/sh', '-c', '/bin/echo ok'] error_type=SlotRefusal error=instance exec failed: process error: io error: Broken pipe (os error 32)
WARNING  envd_service.executors.sandlock:sandlock.py:1136 sandlock exec failure context sandbox_id=sbx_slot_28 exit_code=None argv=['/bin/sh', '-c', '/bin/echo ok'] cwd=/home/user env={} chroot=None rootfs_tools=None dynamic_linker=None ca_bundle=False
_________ ERROR at setup of test_dev_shm_absent_but_dev_null_writable __________

self = <envd_service.executors.sandlock.SandlockExecutor object at 0x7f20d032a900>
config = ExecConfig(cmd=['/bin/sh', '-c', '/bin/echo ok'], env={}, cwd='/tmp/tmpwvp8qhi0-ws', stdin_enabled=False, pty=False, rows=24, cols=80, max_file_size=None)

    async def start(self, config: ExecConfig) -> SandlockRunningProcess:
        """Exec ``config.cmd`` onto the long-lived instance (M4 D3).
    
        PTY commands use the fork-native ``ExecStdio.PTY`` (host-side master,
        resized through ``ExecProcess.resize``) instead of the removed
        in-sandbox bridge; everything else uses ``ExecStdio.PIPED``. Per-exec
        cwd/env/clean_env/bind_ports come from ``_exec_params``. A
        closed/dead failure from ``inst.exec`` -- the in-process FFI's typed
        ``InstanceClosedError``/``InstanceDeadError``, or a route-B slot's
        coded refusal (idle-15min/24h instance expiry surfaces at exec time,
        not construction) -- rebuilds the instance exactly once under the
        lifecycle lock and retries the exec; after an explicit
        ``close()``/shutdown the executor fails loudly
        instead of rebuilding.
        """
        if sandlock is None:
            raise unimplemented("Sandlock is not available on this platform")
        if self._closed:
            raise RuntimeError(
                "sandlock executor is shut down; refusing to start a command "
                "on a rebuilt instance"
            )
        # The normal exec path takes the lifecycle lock around instance
        # creation too, so a concurrent ``update_network`` serializes against
        # it exactly like any other ``_ensure_instance`` caller -- but a
        # route-B creation (spawn + readiness probe) runs off the loop.
        inst = await self._ensure_instance_async()
        if inst is None:
            raise unimplemented("Sandlock is not available on this platform")
        stdio = ExecStdio.PTY if config.pty else ExecStdio.PIPED
        resolved = self.resolve_cmd(config.cmd)
    
        async def _exec_once(target) -> object:
            return await asyncio.to_thread(
                target.exec,
                resolved,
                stdio,
                **self._exec_params(
                    config, bind_ports=self._bind_ports_for(config)
                ),
            )
    
        try:
>           proc = await _exec_once(inst)
                   ^^^^^^^^^^^^^^^^^^^^^^

envd_service/executors/sandlock.py:2813: 
_ _ _ _ _ _ _ _ _ _ _ _ _ _ _ _ _ _ _ _ _ _ _ _ _ _ _ _ _ _ _ _ _ _ _ _ _ _ _ _ 
envd_service/executors/sandlock.py:2803: in _exec_once
    return await asyncio.to_thread(
/usr/local/lib/python3.14/asyncio/threads.py:26: in to_thread
    return await loop.run_in_executor(None, func_call)
           ^^^^^^^^^^^^^^^^^^^^^^^^^^^^^^^^^^^^^^^^^^^
/usr/local/lib/python3.14/concurrent/futures/thread.py:86: in run
    result = ctx.run(self.task)
             ^^^^^^^^^^^^^^^^^^
/usr/local/lib/python3.14/concurrent/futures/thread.py:73: in run
    return fn(*args, **kwargs)
           ^^^^^^^^^^^^^^^^^^^
envd_service/route_b.py:1567: in exec
    reply = self.request(
envd_service/route_b.py:1418: in request
    return ch.request(verb, args, fds=tuple(fds))
           ^^^^^^^^^^^^^^^^^^^^^^^^^^^^^^^^^^^^^^
_ _ _ _ _ _ _ _ _ _ _ _ _ _ _ _ _ _ _ _ _ _ _ _ _ _ _ _ _ _ _ _ _ _ _ _ _ _ _ _ 

self = <sandlock.supervise.SuperviseChannel object at 0x7f20c8f98980>
verb = 'exec'
args = {'argv': ['/bin/sh', '-c', '/bin/echo ok'], 'cwd': '/home/user', 'clean_env': True}
fds = (137, 144, 147)

    def request(
        self,
        verb: str,
        args: Dict[str, Any] | None = None,
        fds: Sequence[int] = (),
    ) -> Any:
        """Issue one verb and return the response ``data`` (``ok:true``)."""
        if self._closed:
            raise SandlockError("SuperviseChannel is closed")
        payload = json.dumps({} if args is None else args).encode("utf-8")
        fd_array = None
        n_fds = len(fds)
        if n_fds:
            fd_array = (ctypes.c_int * n_fds)(*(int(fd) for fd in fds))
        err = ctypes.c_int(0)
        err_msg = ctypes.c_void_p()
        resp_p = _lib.sandlock_supervise_request(
            self._h,
            verb.encode("utf-8"),
            payload,
            fd_array,
            n_fds,
            ctypes.byref(err),
            ctypes.byref(err_msg),
        )
        if not resp_p:
            raise SandlockError(_take_err_msg(err_msg) or f"supervise verb {verb!r} failed")
        try:
            raw = ctypes.string_at(resp_p)
            response = json.loads(raw.decode("utf-8"))
        finally:
            _free_string(ctypes.c_void_p(resp_p))
        if not response.get("ok"):
            # F19/SL-13: the refusal's stable code rides the same frame as its
            # prose, so a host can branch on "the generation is over" without
            # parsing the sentence. `code` is None only for a slot older than
            # the field; it is never guessed from the message.
>           raise SlotRefusal(
                response.get("err") or f"supervise verb {verb!r} refused",
                code=response.get("code"),
            )
E           sandlock.exceptions.SlotRefusal: instance exec failed: process error: instance is closed (shut down, or the init channel closed after the main-exit container end); no new work is accepted

/usr/local/lib/python3.14/site-packages/sandlock/supervise.py:249: SlotRefusal

During handling of the above exception, another exception occurred:

self = <Coroutine test_dev_shm_absent_but_dev_null_writable>

    def setup(self) -> None:
        runner_fixture_id = f"_{self._loop_scope}_scoped_runner"
        if runner_fixture_id not in self.fixturenames:
            self.fixturenames.append(runner_fixture_id)
        # When loop factories are configured, resolve the loop factory
        # fixture early so that a factory variant change cascades cache
        # invalidation before any async fixture checks its cache.
        hook_caller = self.config.hook.pytest_asyncio_loop_factories
        if hook_caller.get_hookimpls():
            _ = self._request.getfixturevalue(_asyncio_loop_factory.__name__)
>       return super().setup()
               ^^^^^^^^^^^^^^^

/usr/local/lib/python3.14/site-packages/pytest_asyncio/plugin.py:558: 
_ _ _ _ _ _ _ _ _ _ _ _ _ _ _ _ _ _ _ _ _ _ _ _ _ _ _ _ _ _ _ _ _ _ _ _ _ _ _ _ 
/usr/local/lib/python3.14/site-packages/pytest_asyncio/plugin.py:926: in pytest_fixture_setup
    return (yield)
            ^^^^^
/Users/polus/project/ai/sandlock-e2b/tests/security/conftest.py:151: in require_sandlock
    ???
/usr/local/lib/python3.14/asyncio/runners.py:205: in run
    return runner.run(main)
           ^^^^^^^^^^^^^^^^
/usr/local/lib/python3.14/asyncio/runners.py:128: in run
    return self._loop.run_until_complete(task)
           ^^^^^^^^^^^^^^^^^^^^^^^^^^^^^^^^^^^
/usr/local/lib/python3.14/asyncio/base_events.py:720: in run_until_complete
    return future.result()
           ^^^^^^^^^^^^^^^
/Users/polus/project/ai/sandlock-e2b/tests/security/conftest.py:272: in run_sh
    ???
envd_service/executors/sandlock.py:2854: in start
    proc = await _exec_once(inst)
           ^^^^^^^^^^^^^^^^^^^^^^
envd_service/executors/sandlock.py:2803: in _exec_once
    return await asyncio.to_thread(
/usr/local/lib/python3.14/asyncio/threads.py:26: in to_thread
    return await loop.run_in_executor(None, func_call)
           ^^^^^^^^^^^^^^^^^^^^^^^^^^^^^^^^^^^^^^^^^^^
/usr/local/lib/python3.14/concurrent/futures/thread.py:86: in run
    result = ctx.run(self.task)
             ^^^^^^^^^^^^^^^^^^
/usr/local/lib/python3.14/concurrent/futures/thread.py:73: in run
    return fn(*args, **kwargs)
           ^^^^^^^^^^^^^^^^^^^
envd_service/route_b.py:1567: in exec
    reply = self.request(
envd_service/route_b.py:1418: in request
    return ch.request(verb, args, fds=tuple(fds))
           ^^^^^^^^^^^^^^^^^^^^^^^^^^^^^^^^^^^^^^
_ _ _ _ _ _ _ _ _ _ _ _ _ _ _ _ _ _ _ _ _ _ _ _ _ _ _ _ _ _ _ _ _ _ _ _ _ _ _ _ 

self = <sandlock.supervise.SuperviseChannel object at 0x7f20c8f9ba80>
verb = 'exec'
args = {'argv': ['/bin/sh', '-c', '/bin/echo ok'], 'cwd': '/home/user', 'clean_env': True}
fds = (137, 146, 148)

    def request(
        self,
        verb: str,
        args: Dict[str, Any] | None = None,
        fds: Sequence[int] = (),
    ) -> Any:
        """Issue one verb and return the response ``data`` (``ok:true``)."""
        if self._closed:
            raise SandlockError("SuperviseChannel is closed")
        payload = json.dumps({} if args is None else args).encode("utf-8")
        fd_array = None
        n_fds = len(fds)
        if n_fds:
            fd_array = (ctypes.c_int * n_fds)(*(int(fd) for fd in fds))
        err = ctypes.c_int(0)
        err_msg = ctypes.c_void_p()
        resp_p = _lib.sandlock_supervise_request(
            self._h,
            verb.encode("utf-8"),
            payload,
            fd_array,
            n_fds,
            ctypes.byref(err),
            ctypes.byref(err_msg),
        )
        if not resp_p:
            raise SandlockError(_take_err_msg(err_msg) or f"supervise verb {verb!r} failed")
        try:
            raw = ctypes.string_at(resp_p)
            response = json.loads(raw.decode("utf-8"))
        finally:
            _free_string(ctypes.c_void_p(resp_p))
        if not response.get("ok"):
            # F19/SL-13: the refusal's stable code rides the same frame as its
            # prose, so a host can branch on "the generation is over" without
            # parsing the sentence. `code` is None only for a slot older than
            # the field; it is never guessed from the message.
>           raise SlotRefusal(
                response.get("err") or f"supervise verb {verb!r} refused",
                code=response.get("code"),
            )
E           sandlock.exceptions.SlotRefusal: instance exec failed: process error: instance is closed (shut down, or the init channel closed after the main-exit container end); no new work is accepted

/usr/local/lib/python3.14/site-packages/sandlock/supervise.py:249: SlotRefusal
________________ ERROR at setup of test_image_rootfs_execution _________________

self = <envd_service.executors.sandlock.SandlockExecutor object at 0x7f20d032acf0>
config = ExecConfig(cmd=['/bin/sh', '-c', '/bin/echo ok'], env={}, cwd='/tmp/tmphix58zkn-ws', stdin_enabled=False, pty=False, rows=24, cols=80, max_file_size=None)

    async def start(self, config: ExecConfig) -> SandlockRunningProcess:
        """Exec ``config.cmd`` onto the long-lived instance (M4 D3).
    
        PTY commands use the fork-native ``ExecStdio.PTY`` (host-side master,
        resized through ``ExecProcess.resize``) instead of the removed
        in-sandbox bridge; everything else uses ``ExecStdio.PIPED``. Per-exec
        cwd/env/clean_env/bind_ports come from ``_exec_params``. A
        closed/dead failure from ``inst.exec`` -- the in-process FFI's typed
        ``InstanceClosedError``/``InstanceDeadError``, or a route-B slot's
        coded refusal (idle-15min/24h instance expiry surfaces at exec time,
        not construction) -- rebuilds the instance exactly once under the
        lifecycle lock and retries the exec; after an explicit
        ``close()``/shutdown the executor fails loudly
        instead of rebuilding.
        """
        if sandlock is None:
            raise unimplemented("Sandlock is not available on this platform")
        if self._closed:
            raise RuntimeError(
                "sandlock executor is shut down; refusing to start a command "
                "on a rebuilt instance"
            )
        # The normal exec path takes the lifecycle lock around instance
        # creation too, so a concurrent ``update_network`` serializes against
        # it exactly like any other ``_ensure_instance`` caller -- but a
        # route-B creation (spawn + readiness probe) runs off the loop.
        inst = await self._ensure_instance_async()
        if inst is None:
            raise unimplemented("Sandlock is not available on this platform")
        stdio = ExecStdio.PTY if config.pty else ExecStdio.PIPED
        resolved = self.resolve_cmd(config.cmd)
    
        async def _exec_once(target) -> object:
            return await asyncio.to_thread(
                target.exec,
                resolved,
                stdio,
                **self._exec_params(
                    config, bind_ports=self._bind_ports_for(config)
                ),
            )
    
        try:
>           proc = await _exec_once(inst)
                   ^^^^^^^^^^^^^^^^^^^^^^

envd_service/executors/sandlock.py:2813: 
_ _ _ _ _ _ _ _ _ _ _ _ _ _ _ _ _ _ _ _ _ _ _ _ _ _ _ _ _ _ _ _ _ _ _ _ _ _ _ _ 
envd_service/executors/sandlock.py:2803: in _exec_once
    return await asyncio.to_thread(
/usr/local/lib/python3.14/asyncio/threads.py:26: in to_thread
    return await loop.run_in_executor(None, func_call)
           ^^^^^^^^^^^^^^^^^^^^^^^^^^^^^^^^^^^^^^^^^^^
/usr/local/lib/python3.14/concurrent/futures/thread.py:86: in run
    result = ctx.run(self.task)
             ^^^^^^^^^^^^^^^^^^
/usr/local/lib/python3.14/concurrent/futures/thread.py:73: in run
    return fn(*args, **kwargs)
           ^^^^^^^^^^^^^^^^^^^
envd_service/route_b.py:1567: in exec
    reply = self.request(
envd_service/route_b.py:1418: in request
    return ch.request(verb, args, fds=tuple(fds))
           ^^^^^^^^^^^^^^^^^^^^^^^^^^^^^^^^^^^^^^
_ _ _ _ _ _ _ _ _ _ _ _ _ _ _ _ _ _ _ _ _ _ _ _ _ _ _ _ _ _ _ _ _ _ _ _ _ _ _ _ 

self = <sandlock.supervise.SuperviseChannel object at 0x7f20c8f99ef0>
verb = 'exec'
args = {'argv': ['/bin/sh', '-c', '/bin/echo ok'], 'cwd': '/home/user', 'clean_env': True}
fds = (141, 150, 152)

    def request(
        self,
        verb: str,
        args: Dict[str, Any] | None = None,
        fds: Sequence[int] = (),
    ) -> Any:
        """Issue one verb and return the response ``data`` (``ok:true``)."""
        if self._closed:
            raise SandlockError("SuperviseChannel is closed")
        payload = json.dumps({} if args is None else args).encode("utf-8")
        fd_array = None
        n_fds = len(fds)
        if n_fds:
            fd_array = (ctypes.c_int * n_fds)(*(int(fd) for fd in fds))
        err = ctypes.c_int(0)
        err_msg = ctypes.c_void_p()
        resp_p = _lib.sandlock_supervise_request(
            self._h,
            verb.encode("utf-8"),
            payload,
            fd_array,
            n_fds,
            ctypes.byref(err),
            ctypes.byref(err_msg),
        )
        if not resp_p:
            raise SandlockError(_take_err_msg(err_msg) or f"supervise verb {verb!r} failed")
        try:
            raw = ctypes.string_at(resp_p)
            response = json.loads(raw.decode("utf-8"))
        finally:
            _free_string(ctypes.c_void_p(resp_p))
        if not response.get("ok"):
            # F19/SL-13: the refusal's stable code rides the same frame as its
            # prose, so a host can branch on "the generation is over" without
            # parsing the sentence. `code` is None only for a slot older than
            # the field; it is never guessed from the message.
>           raise SlotRefusal(
                response.get("err") or f"supervise verb {verb!r} refused",
                code=response.get("code"),
            )
E           sandlock.exceptions.SlotRefusal: instance exec failed: process error: instance is closed (shut down, or the init channel closed after the main-exit container end); no new work is accepted

/usr/local/lib/python3.14/site-packages/sandlock/supervise.py:249: SlotRefusal

During handling of the above exception, another exception occurred:

self = <Coroutine test_image_rootfs_execution>

    def setup(self) -> None:
        runner_fixture_id = f"_{self._loop_scope}_scoped_runner"
        if runner_fixture_id not in self.fixturenames:
            self.fixturenames.append(runner_fixture_id)
        # When loop factories are configured, resolve the loop factory
        # fixture early so that a factory variant change cascades cache
        # invalidation before any async fixture checks its cache.
        hook_caller = self.config.hook.pytest_asyncio_loop_factories
        if hook_caller.get_hookimpls():
            _ = self._request.getfixturevalue(_asyncio_loop_factory.__name__)
>       return super().setup()
               ^^^^^^^^^^^^^^^

/usr/local/lib/python3.14/site-packages/pytest_asyncio/plugin.py:558: 
_ _ _ _ _ _ _ _ _ _ _ _ _ _ _ _ _ _ _ _ _ _ _ _ _ _ _ _ _ _ _ _ _ _ _ _ _ _ _ _ 
/usr/local/lib/python3.14/site-packages/pytest_asyncio/plugin.py:926: in pytest_fixture_setup
    return (yield)
            ^^^^^
/Users/polus/project/ai/sandlock-e2b/tests/security/conftest.py:151: in require_sandlock
    ???
/usr/local/lib/python3.14/asyncio/runners.py:205: in run
    return runner.run(main)
           ^^^^^^^^^^^^^^^^
/usr/local/lib/python3.14/asyncio/runners.py:128: in run
    return self._loop.run_until_complete(task)
           ^^^^^^^^^^^^^^^^^^^^^^^^^^^^^^^^^^^
/usr/local/lib/python3.14/asyncio/base_events.py:720: in run_until_complete
    return future.result()
           ^^^^^^^^^^^^^^^
/Users/polus/project/ai/sandlock-e2b/tests/security/conftest.py:272: in run_sh
    ???
envd_service/executors/sandlock.py:2854: in start
    proc = await _exec_once(inst)
           ^^^^^^^^^^^^^^^^^^^^^^
envd_service/executors/sandlock.py:2803: in _exec_once
    return await asyncio.to_thread(
/usr/local/lib/python3.14/asyncio/threads.py:26: in to_thread
    return await loop.run_in_executor(None, func_call)
           ^^^^^^^^^^^^^^^^^^^^^^^^^^^^^^^^^^^^^^^^^^^
/usr/local/lib/python3.14/concurrent/futures/thread.py:86: in run
    result = ctx.run(self.task)
             ^^^^^^^^^^^^^^^^^^
/usr/local/lib/python3.14/concurrent/futures/thread.py:73: in run
    return fn(*args, **kwargs)
           ^^^^^^^^^^^^^^^^^^^
envd_service/route_b.py:1567: in exec
    reply = self.request(
envd_service/route_b.py:1418: in request
    return ch.request(verb, args, fds=tuple(fds))
           ^^^^^^^^^^^^^^^^^^^^^^^^^^^^^^^^^^^^^^
_ _ _ _ _ _ _ _ _ _ _ _ _ _ _ _ _ _ _ _ _ _ _ _ _ _ _ _ _ _ _ _ _ _ _ _ _ _ _ _ 

self = <sandlock.supervise.SuperviseChannel object at 0x7f20c8f98590>
verb = 'exec'
args = {'argv': ['/bin/sh', '-c', '/bin/echo ok'], 'cwd': '/home/user', 'clean_env': True}
fds = (141, 151, 153)

    def request(
        self,
        verb: str,
        args: Dict[str, Any] | None = None,
        fds: Sequence[int] = (),
    ) -> Any:
        """Issue one verb and return the response ``data`` (``ok:true``)."""
        if self._closed:
            raise SandlockError("SuperviseChannel is closed")
        payload = json.dumps({} if args is None else args).encode("utf-8")
        fd_array = None
        n_fds = len(fds)
        if n_fds:
            fd_array = (ctypes.c_int * n_fds)(*(int(fd) for fd in fds))
        err = ctypes.c_int(0)
        err_msg = ctypes.c_void_p()
        resp_p = _lib.sandlock_supervise_request(
            self._h,
            verb.encode("utf-8"),
            payload,
            fd_array,
            n_fds,
            ctypes.byref(err),
            ctypes.byref(err_msg),
        )
        if not resp_p:
            raise SandlockError(_take_err_msg(err_msg) or f"supervise verb {verb!r} failed")
        try:
            raw = ctypes.string_at(resp_p)
            response = json.loads(raw.decode("utf-8"))
        finally:
            _free_string(ctypes.c_void_p(resp_p))
        if not response.get("ok"):
            # F19/SL-13: the refusal's stable code rides the same frame as its
            # prose, so a host can branch on "the generation is over" without
            # parsing the sentence. `code` is None only for a slot older than
            # the field; it is never guessed from the message.
>           raise SlotRefusal(
                response.get("err") or f"supervise verb {verb!r} refused",
                code=response.get("code"),
            )
E           sandlock.exceptions.SlotRefusal: instance exec failed: process error: instance is closed (shut down, or the init channel closed after the main-exit container end); no new work is accepted

/usr/local/lib/python3.14/site-packages/sandlock/supervise.py:249: SlotRefusal
_______ ERROR at setup of test_image_rootfs_cannot_reach_host_filesystem _______

self = <envd_service.executors.sandlock.SandlockExecutor object at 0x7f20d032af90>
config = ExecConfig(cmd=['/bin/sh', '-c', '/bin/echo ok'], env={}, cwd='/tmp/tmpvtzm3h7m-ws', stdin_enabled=False, pty=False, rows=24, cols=80, max_file_size=None)

    async def start(self, config: ExecConfig) -> SandlockRunningProcess:
        """Exec ``config.cmd`` onto the long-lived instance (M4 D3).
    
        PTY commands use the fork-native ``ExecStdio.PTY`` (host-side master,
        resized through ``ExecProcess.resize``) instead of the removed
        in-sandbox bridge; everything else uses ``ExecStdio.PIPED``. Per-exec
        cwd/env/clean_env/bind_ports come from ``_exec_params``. A
        closed/dead failure from ``inst.exec`` -- the in-process FFI's typed
        ``InstanceClosedError``/``InstanceDeadError``, or a route-B slot's
        coded refusal (idle-15min/24h instance expiry surfaces at exec time,
        not construction) -- rebuilds the instance exactly once under the
        lifecycle lock and retries the exec; after an explicit
        ``close()``/shutdown the executor fails loudly
        instead of rebuilding.
        """
        if sandlock is None:
            raise unimplemented("Sandlock is not available on this platform")
        if self._closed:
            raise RuntimeError(
                "sandlock executor is shut down; refusing to start a command "
                "on a rebuilt instance"
            )
        # The normal exec path takes the lifecycle lock around instance
        # creation too, so a concurrent ``update_network`` serializes against
        # it exactly like any other ``_ensure_instance`` caller -- but a
        # route-B creation (spawn + readiness probe) runs off the loop.
        inst = await self._ensure_instance_async()
        if inst is None:
            raise unimplemented("Sandlock is not available on this platform")
        stdio = ExecStdio.PTY if config.pty else ExecStdio.PIPED
        resolved = self.resolve_cmd(config.cmd)
    
        async def _exec_once(target) -> object:
            return await asyncio.to_thread(
                target.exec,
                resolved,
                stdio,
                **self._exec_params(
                    config, bind_ports=self._bind_ports_for(config)
                ),
            )
    
        try:
>           proc = await _exec_once(inst)
                   ^^^^^^^^^^^^^^^^^^^^^^

envd_service/executors/sandlock.py:2813: 
_ _ _ _ _ _ _ _ _ _ _ _ _ _ _ _ _ _ _ _ _ _ _ _ _ _ _ _ _ _ _ _ _ _ _ _ _ _ _ _ 
envd_service/executors/sandlock.py:2803: in _exec_once
    return await asyncio.to_thread(
/usr/local/lib/python3.14/asyncio/threads.py:26: in to_thread
    return await loop.run_in_executor(None, func_call)
           ^^^^^^^^^^^^^^^^^^^^^^^^^^^^^^^^^^^^^^^^^^^
/usr/local/lib/python3.14/concurrent/futures/thread.py:86: in run
    result = ctx.run(self.task)
             ^^^^^^^^^^^^^^^^^^
/usr/local/lib/python3.14/concurrent/futures/thread.py:73: in run
    return fn(*args, **kwargs)
           ^^^^^^^^^^^^^^^^^^^
envd_service/route_b.py:1567: in exec
    reply = self.request(
envd_service/route_b.py:1418: in request
    return ch.request(verb, args, fds=tuple(fds))
           ^^^^^^^^^^^^^^^^^^^^^^^^^^^^^^^^^^^^^^
_ _ _ _ _ _ _ _ _ _ _ _ _ _ _ _ _ _ _ _ _ _ _ _ _ _ _ _ _ _ _ _ _ _ _ _ _ _ _ _ 

self = <sandlock.supervise.SuperviseChannel object at 0x7f20c8f98b40>
verb = 'exec'
args = {'argv': ['/bin/sh', '-c', '/bin/echo ok'], 'cwd': '/home/user', 'clean_env': True}
fds = (143, 152, 155)

    def request(
        self,
        verb: str,
        args: Dict[str, Any] | None = None,
        fds: Sequence[int] = (),
    ) -> Any:
        """Issue one verb and return the response ``data`` (``ok:true``)."""
        if self._closed:
            raise SandlockError("SuperviseChannel is closed")
        payload = json.dumps({} if args is None else args).encode("utf-8")
        fd_array = None
        n_fds = len(fds)
        if n_fds:
            fd_array = (ctypes.c_int * n_fds)(*(int(fd) for fd in fds))
        err = ctypes.c_int(0)
        err_msg = ctypes.c_void_p()
        resp_p = _lib.sandlock_supervise_request(
            self._h,
            verb.encode("utf-8"),
            payload,
            fd_array,
            n_fds,
            ctypes.byref(err),
            ctypes.byref(err_msg),
        )
        if not resp_p:
            raise SandlockError(_take_err_msg(err_msg) or f"supervise verb {verb!r} failed")
        try:
            raw = ctypes.string_at(resp_p)
            response = json.loads(raw.decode("utf-8"))
        finally:
            _free_string(ctypes.c_void_p(resp_p))
        if not response.get("ok"):
            # F19/SL-13: the refusal's stable code rides the same frame as its
            # prose, so a host can branch on "the generation is over" without
            # parsing the sentence. `code` is None only for a slot older than
            # the field; it is never guessed from the message.
>           raise SlotRefusal(
                response.get("err") or f"supervise verb {verb!r} refused",
                code=response.get("code"),
            )
E           sandlock.exceptions.SlotRefusal: instance exec failed: process error: instance is closed (shut down, or the init channel closed after the main-exit container end); no new work is accepted

/usr/local/lib/python3.14/site-packages/sandlock/supervise.py:249: SlotRefusal

During handling of the above exception, another exception occurred:

self = <Coroutine test_image_rootfs_cannot_reach_host_filesystem>

    def setup(self) -> None:
        runner_fixture_id = f"_{self._loop_scope}_scoped_runner"
        if runner_fixture_id not in self.fixturenames:
            self.fixturenames.append(runner_fixture_id)
        # When loop factories are configured, resolve the loop factory
        # fixture early so that a factory variant change cascades cache
        # invalidation before any async fixture checks its cache.
        hook_caller = self.config.hook.pytest_asyncio_loop_factories
        if hook_caller.get_hookimpls():
            _ = self._request.getfixturevalue(_asyncio_loop_factory.__name__)
>       return super().setup()
               ^^^^^^^^^^^^^^^

/usr/local/lib/python3.14/site-packages/pytest_asyncio/plugin.py:558: 
_ _ _ _ _ _ _ _ _ _ _ _ _ _ _ _ _ _ _ _ _ _ _ _ _ _ _ _ _ _ _ _ _ _ _ _ _ _ _ _ 
/usr/local/lib/python3.14/site-packages/pytest_asyncio/plugin.py:926: in pytest_fixture_setup
    return (yield)
            ^^^^^
/Users/polus/project/ai/sandlock-e2b/tests/security/conftest.py:151: in require_sandlock
    ???
/usr/local/lib/python3.14/asyncio/runners.py:205: in run
    return runner.run(main)
           ^^^^^^^^^^^^^^^^
/usr/local/lib/python3.14/asyncio/runners.py:128: in run
    return self._loop.run_until_complete(task)
           ^^^^^^^^^^^^^^^^^^^^^^^^^^^^^^^^^^^
/usr/local/lib/python3.14/asyncio/base_events.py:720: in run_until_complete
    return future.result()
           ^^^^^^^^^^^^^^^
/Users/polus/project/ai/sandlock-e2b/tests/security/conftest.py:272: in run_sh
    ???
envd_service/executors/sandlock.py:2854: in start
    proc = await _exec_once(inst)
           ^^^^^^^^^^^^^^^^^^^^^^
envd_service/executors/sandlock.py:2803: in _exec_once
    return await asyncio.to_thread(
/usr/local/lib/python3.14/asyncio/threads.py:26: in to_thread
    return await loop.run_in_executor(None, func_call)
           ^^^^^^^^^^^^^^^^^^^^^^^^^^^^^^^^^^^^^^^^^^^
/usr/local/lib/python3.14/concurrent/futures/thread.py:86: in run
    result = ctx.run(self.task)
             ^^^^^^^^^^^^^^^^^^
/usr/local/lib/python3.14/concurrent/futures/thread.py:73: in run
    return fn(*args, **kwargs)
           ^^^^^^^^^^^^^^^^^^^
envd_service/route_b.py:1567: in exec
    reply = self.request(
envd_service/route_b.py:1418: in request
    return ch.request(verb, args, fds=tuple(fds))
           ^^^^^^^^^^^^^^^^^^^^^^^^^^^^^^^^^^^^^^
_ _ _ _ _ _ _ _ _ _ _ _ _ _ _ _ _ _ _ _ _ _ _ _ _ _ _ _ _ _ _ _ _ _ _ _ _ _ _ _ 

self = <sandlock.supervise.SuperviseChannel object at 0x7f20c8f0ab30>
verb = 'exec'
args = {'argv': ['/bin/sh', '-c', '/bin/echo ok'], 'cwd': '/home/user', 'clean_env': True}
fds = (143, 153, 156)

    def request(
        self,
        verb: str,
        args: Dict[str, Any] | None = None,
        fds: Sequence[int] = (),
    ) -> Any:
        """Issue one verb and return the response ``data`` (``ok:true``)."""
        if self._closed:
            raise SandlockError("SuperviseChannel is closed")
        payload = json.dumps({} if args is None else args).encode("utf-8")
        fd_array = None
        n_fds = len(fds)
        if n_fds:
            fd_array = (ctypes.c_int * n_fds)(*(int(fd) for fd in fds))
        err = ctypes.c_int(0)
        err_msg = ctypes.c_void_p()
        resp_p = _lib.sandlock_supervise_request(
            self._h,
            verb.encode("utf-8"),
            payload,
            fd_array,
            n_fds,
            ctypes.byref(err),
            ctypes.byref(err_msg),
        )
        if not resp_p:
            raise SandlockError(_take_err_msg(err_msg) or f"supervise verb {verb!r} failed")
        try:
            raw = ctypes.string_at(resp_p)
            response = json.loads(raw.decode("utf-8"))
        finally:
            _free_string(ctypes.c_void_p(resp_p))
        if not response.get("ok"):
            # F19/SL-13: the refusal's stable code rides the same frame as its
            # prose, so a host can branch on "the generation is over" without
            # parsing the sentence. `code` is None only for a slot older than
            # the field; it is never guessed from the message.
>           raise SlotRefusal(
                response.get("err") or f"supervise verb {verb!r} refused",
                code=response.get("code"),
            )
E           sandlock.exceptions.SlotRefusal: instance exec failed: process error: instance is closed (shut down, or the init channel closed after the main-exit container end); no new work is accepted

/usr/local/lib/python3.14/site-packages/sandlock/supervise.py:249: SlotRefusal
______ ERROR at setup of test_in_process_chroot_is_refused_without_a_slot ______

self = <envd_service.executors.sandlock.SandlockExecutor object at 0x7f20d032b4d0>
config = ExecConfig(cmd=['/bin/sh', '-c', '/bin/echo ok'], env={}, cwd='/tmp/tmpi0hgnulu-ws', stdin_enabled=False, pty=False, rows=24, cols=80, max_file_size=None)

    async def start(self, config: ExecConfig) -> SandlockRunningProcess:
        """Exec ``config.cmd`` onto the long-lived instance (M4 D3).
    
        PTY commands use the fork-native ``ExecStdio.PTY`` (host-side master,
        resized through ``ExecProcess.resize``) instead of the removed
        in-sandbox bridge; everything else uses ``ExecStdio.PIPED``. Per-exec
        cwd/env/clean_env/bind_ports come from ``_exec_params``. A
        closed/dead failure from ``inst.exec`` -- the in-process FFI's typed
        ``InstanceClosedError``/``InstanceDeadError``, or a route-B slot's
        coded refusal (idle-15min/24h instance expiry surfaces at exec time,
        not construction) -- rebuilds the instance exactly once under the
        lifecycle lock and retries the exec; after an explicit
        ``close()``/shutdown the executor fails loudly
        instead of rebuilding.
        """
        if sandlock is None:
            raise unimplemented("Sandlock is not available on this platform")
        if self._closed:
            raise RuntimeError(
                "sandlock executor is shut down; refusing to start a command "
                "on a rebuilt instance"
            )
        # The normal exec path takes the lifecycle lock around instance
        # creation too, so a concurrent ``update_network`` serializes against
        # it exactly like any other ``_ensure_instance`` caller -- but a
        # route-B creation (spawn + readiness probe) runs off the loop.
        inst = await self._ensure_instance_async()
        if inst is None:
            raise unimplemented("Sandlock is not available on this platform")
        stdio = ExecStdio.PTY if config.pty else ExecStdio.PIPED
        resolved = self.resolve_cmd(config.cmd)
    
        async def _exec_once(target) -> object:
            return await asyncio.to_thread(
                target.exec,
                resolved,
                stdio,
                **self._exec_params(
                    config, bind_ports=self._bind_ports_for(config)
                ),
            )
    
        try:
>           proc = await _exec_once(inst)
                   ^^^^^^^^^^^^^^^^^^^^^^

envd_service/executors/sandlock.py:2813: 
_ _ _ _ _ _ _ _ _ _ _ _ _ _ _ _ _ _ _ _ _ _ _ _ _ _ _ _ _ _ _ _ _ _ _ _ _ _ _ _ 
envd_service/executors/sandlock.py:2803: in _exec_once
    return await asyncio.to_thread(
/usr/local/lib/python3.14/asyncio/threads.py:26: in to_thread
    return await loop.run_in_executor(None, func_call)
           ^^^^^^^^^^^^^^^^^^^^^^^^^^^^^^^^^^^^^^^^^^^
/usr/local/lib/python3.14/concurrent/futures/thread.py:86: in run
    result = ctx.run(self.task)
             ^^^^^^^^^^^^^^^^^^
/usr/local/lib/python3.14/concurrent/futures/thread.py:73: in run
    return fn(*args, **kwargs)
           ^^^^^^^^^^^^^^^^^^^
envd_service/route_b.py:1567: in exec
    reply = self.request(
envd_service/route_b.py:1418: in request
    return ch.request(verb, args, fds=tuple(fds))
           ^^^^^^^^^^^^^^^^^^^^^^^^^^^^^^^^^^^^^^
_ _ _ _ _ _ _ _ _ _ _ _ _ _ _ _ _ _ _ _ _ _ _ _ _ _ _ _ _ _ _ _ _ _ _ _ _ _ _ _ 

self = <sandlock.supervise.SuperviseChannel object at 0x7f20c8f0b700>
verb = 'exec'
args = {'argv': ['/bin/sh', '-c', '/bin/echo ok'], 'cwd': '/home/user', 'clean_env': True}
fds = (147, 158, 160)

    def request(
        self,
        verb: str,
        args: Dict[str, Any] | None = None,
        fds: Sequence[int] = (),
    ) -> Any:
        """Issue one verb and return the response ``data`` (``ok:true``)."""
        if self._closed:
            raise SandlockError("SuperviseChannel is closed")
        payload = json.dumps({} if args is None else args).encode("utf-8")
        fd_array = None
        n_fds = len(fds)
        if n_fds:
            fd_array = (ctypes.c_int * n_fds)(*(int(fd) for fd in fds))
        err = ctypes.c_int(0)
        err_msg = ctypes.c_void_p()
        resp_p = _lib.sandlock_supervise_request(
            self._h,
            verb.encode("utf-8"),
            payload,
            fd_array,
            n_fds,
            ctypes.byref(err),
            ctypes.byref(err_msg),
        )
        if not resp_p:
            raise SandlockError(_take_err_msg(err_msg) or f"supervise verb {verb!r} failed")
        try:
            raw = ctypes.string_at(resp_p)
            response = json.loads(raw.decode("utf-8"))
        finally:
            _free_string(ctypes.c_void_p(resp_p))
        if not response.get("ok"):
            # F19/SL-13: the refusal's stable code rides the same frame as its
            # prose, so a host can branch on "the generation is over" without
            # parsing the sentence. `code` is None only for a slot older than
            # the field; it is never guessed from the message.
>           raise SlotRefusal(
                response.get("err") or f"supervise verb {verb!r} refused",
                code=response.get("code"),
            )
E           sandlock.exceptions.SlotRefusal: instance exec failed: process error: instance is closed (shut down, or the init channel closed after the main-exit container end); no new work is accepted

/usr/local/lib/python3.14/site-packages/sandlock/supervise.py:249: SlotRefusal

During handling of the above exception, another exception occurred:

self = <Coroutine test_in_process_chroot_is_refused_without_a_slot>

    def setup(self) -> None:
        runner_fixture_id = f"_{self._loop_scope}_scoped_runner"
        if runner_fixture_id not in self.fixturenames:
            self.fixturenames.append(runner_fixture_id)
        # When loop factories are configured, resolve the loop factory
        # fixture early so that a factory variant change cascades cache
        # invalidation before any async fixture checks its cache.
        hook_caller = self.config.hook.pytest_asyncio_loop_factories
        if hook_caller.get_hookimpls():
            _ = self._request.getfixturevalue(_asyncio_loop_factory.__name__)
>       return super().setup()
               ^^^^^^^^^^^^^^^

/usr/local/lib/python3.14/site-packages/pytest_asyncio/plugin.py:558: 
_ _ _ _ _ _ _ _ _ _ _ _ _ _ _ _ _ _ _ _ _ _ _ _ _ _ _ _ _ _ _ _ _ _ _ _ _ _ _ _ 
/usr/local/lib/python3.14/site-packages/pytest_asyncio/plugin.py:926: in pytest_fixture_setup
    return (yield)
            ^^^^^
/Users/polus/project/ai/sandlock-e2b/tests/security/conftest.py:151: in require_sandlock
    ???
/usr/local/lib/python3.14/asyncio/runners.py:205: in run
    return runner.run(main)
           ^^^^^^^^^^^^^^^^
/usr/local/lib/python3.14/asyncio/runners.py:128: in run
    return self._loop.run_until_complete(task)
           ^^^^^^^^^^^^^^^^^^^^^^^^^^^^^^^^^^^
/usr/local/lib/python3.14/asyncio/base_events.py:720: in run_until_complete
    return future.result()
           ^^^^^^^^^^^^^^^
/Users/polus/project/ai/sandlock-e2b/tests/security/conftest.py:272: in run_sh
    ???
envd_service/executors/sandlock.py:2854: in start
    proc = await _exec_once(inst)
           ^^^^^^^^^^^^^^^^^^^^^^
envd_service/executors/sandlock.py:2803: in _exec_once
    return await asyncio.to_thread(
/usr/local/lib/python3.14/asyncio/threads.py:26: in to_thread
    return await loop.run_in_executor(None, func_call)
           ^^^^^^^^^^^^^^^^^^^^^^^^^^^^^^^^^^^^^^^^^^^
/usr/local/lib/python3.14/concurrent/futures/thread.py:86: in run
    result = ctx.run(self.task)
             ^^^^^^^^^^^^^^^^^^
/usr/local/lib/python3.14/concurrent/futures/thread.py:73: in run
    return fn(*args, **kwargs)
           ^^^^^^^^^^^^^^^^^^^
envd_service/route_b.py:1567: in exec
    reply = self.request(
envd_service/route_b.py:1418: in request
    return ch.request(verb, args, fds=tuple(fds))
           ^^^^^^^^^^^^^^^^^^^^^^^^^^^^^^^^^^^^^^
_ _ _ _ _ _ _ _ _ _ _ _ _ _ _ _ _ _ _ _ _ _ _ _ _ _ _ _ _ _ _ _ _ _ _ _ _ _ _ _ 

self = <sandlock.supervise.SuperviseChannel object at 0x7f20c8f08520>
verb = 'exec'
args = {'argv': ['/bin/sh', '-c', '/bin/echo ok'], 'cwd': '/home/user', 'clean_env': True}
fds = (147, 159, 161)

    def request(
        self,
        verb: str,
        args: Dict[str, Any] | None = None,
        fds: Sequence[int] = (),
    ) -> Any:
        """Issue one verb and return the response ``data`` (``ok:true``)."""
        if self._closed:
            raise SandlockError("SuperviseChannel is closed")
        payload = json.dumps({} if args is None else args).encode("utf-8")
        fd_array = None
        n_fds = len(fds)
        if n_fds:
            fd_array = (ctypes.c_int * n_fds)(*(int(fd) for fd in fds))
        err = ctypes.c_int(0)
        err_msg = ctypes.c_void_p()
        resp_p = _lib.sandlock_supervise_request(
            self._h,
            verb.encode("utf-8"),
            payload,
            fd_array,
            n_fds,
            ctypes.byref(err),
            ctypes.byref(err_msg),
        )
        if not resp_p:
            raise SandlockError(_take_err_msg(err_msg) or f"supervise verb {verb!r} failed")
        try:
            raw = ctypes.string_at(resp_p)
            response = json.loads(raw.decode("utf-8"))
        finally:
            _free_string(ctypes.c_void_p(resp_p))
        if not response.get("ok"):
            # F19/SL-13: the refusal's stable code rides the same frame as its
            # prose, so a host can branch on "the generation is over" without
            # parsing the sentence. `code` is None only for a slot older than
            # the field; it is never guessed from the message.
>           raise SlotRefusal(
                response.get("err") or f"supervise verb {verb!r} refused",
                code=response.get("code"),
            )
E           sandlock.exceptions.SlotRefusal: instance exec failed: process error: instance is closed (shut down, or the init channel closed after the main-exit container end); no new work is accepted

/usr/local/lib/python3.14/site-packages/sandlock/supervise.py:249: SlotRefusal
______ ERROR at setup of test_distinct_host_uids_isolate_same_path_files _______

self = <envd_service.executors.sandlock.SandlockExecutor object at 0x7f20ca4727b0>
config = ExecConfig(cmd=['/bin/sh', '-c', '/bin/echo ok'], env={}, cwd='/tmp/tmp5q440xb5-ws', stdin_enabled=False, pty=False, rows=24, cols=80, max_file_size=None)

    async def start(self, config: ExecConfig) -> SandlockRunningProcess:
        """Exec ``config.cmd`` onto the long-lived instance (M4 D3).
    
        PTY commands use the fork-native ``ExecStdio.PTY`` (host-side master,
        resized through ``ExecProcess.resize``) instead of the removed
        in-sandbox bridge; everything else uses ``ExecStdio.PIPED``. Per-exec
        cwd/env/clean_env/bind_ports come from ``_exec_params``. A
        closed/dead failure from ``inst.exec`` -- the in-process FFI's typed
        ``InstanceClosedError``/``InstanceDeadError``, or a route-B slot's
        coded refusal (idle-15min/24h instance expiry surfaces at exec time,
        not construction) -- rebuilds the instance exactly once under the
        lifecycle lock and retries the exec; after an explicit
        ``close()``/shutdown the executor fails loudly
        instead of rebuilding.
        """
        if sandlock is None:
            raise unimplemented("Sandlock is not available on this platform")
        if self._closed:
            raise RuntimeError(
                "sandlock executor is shut down; refusing to start a command "
                "on a rebuilt instance"
            )
        # The normal exec path takes the lifecycle lock around instance
        # creation too, so a concurrent ``update_network`` serializes against
        # it exactly like any other ``_ensure_instance`` caller -- but a
        # route-B creation (spawn + readiness probe) runs off the loop.
        inst = await self._ensure_instance_async()
        if inst is None:
            raise unimplemented("Sandlock is not available on this platform")
        stdio = ExecStdio.PTY if config.pty else ExecStdio.PIPED
        resolved = self.resolve_cmd(config.cmd)
    
        async def _exec_once(target) -> object:
            return await asyncio.to_thread(
                target.exec,
                resolved,
                stdio,
                **self._exec_params(
                    config, bind_ports=self._bind_ports_for(config)
                ),
            )
    
        try:
>           proc = await _exec_once(inst)
                   ^^^^^^^^^^^^^^^^^^^^^^

envd_service/executors/sandlock.py:2813: 
_ _ _ _ _ _ _ _ _ _ _ _ _ _ _ _ _ _ _ _ _ _ _ _ _ _ _ _ _ _ _ _ _ _ _ _ _ _ _ _ 
envd_service/executors/sandlock.py:2803: in _exec_once
    return await asyncio.to_thread(
/usr/local/lib/python3.14/asyncio/threads.py:26: in to_thread
    return await loop.run_in_executor(None, func_call)
           ^^^^^^^^^^^^^^^^^^^^^^^^^^^^^^^^^^^^^^^^^^^
/usr/local/lib/python3.14/concurrent/futures/thread.py:86: in run
    result = ctx.run(self.task)
             ^^^^^^^^^^^^^^^^^^
/usr/local/lib/python3.14/concurrent/futures/thread.py:73: in run
    return fn(*args, **kwargs)
           ^^^^^^^^^^^^^^^^^^^
envd_service/route_b.py:1567: in exec
    reply = self.request(
envd_service/route_b.py:1418: in request
    return ch.request(verb, args, fds=tuple(fds))
           ^^^^^^^^^^^^^^^^^^^^^^^^^^^^^^^^^^^^^^
_ _ _ _ _ _ _ _ _ _ _ _ _ _ _ _ _ _ _ _ _ _ _ _ _ _ _ _ _ _ _ _ _ _ _ _ _ _ _ _ 

self = <sandlock.supervise.SuperviseChannel object at 0x7f20c8fab930>
verb = 'exec'
args = {'argv': ['/bin/sh', '-c', '/bin/echo ok'], 'cwd': '/home/user', 'clean_env': True}
fds = (151, 160, 163)

    def request(
        self,
        verb: str,
        args: Dict[str, Any] | None = None,
        fds: Sequence[int] = (),
    ) -> Any:
        """Issue one verb and return the response ``data`` (``ok:true``)."""
        if self._closed:
            raise SandlockError("SuperviseChannel is closed")
        payload = json.dumps({} if args is None else args).encode("utf-8")
        fd_array = None
        n_fds = len(fds)
        if n_fds:
            fd_array = (ctypes.c_int * n_fds)(*(int(fd) for fd in fds))
        err = ctypes.c_int(0)
        err_msg = ctypes.c_void_p()
        resp_p = _lib.sandlock_supervise_request(
            self._h,
            verb.encode("utf-8"),
            payload,
            fd_array,
            n_fds,
            ctypes.byref(err),
            ctypes.byref(err_msg),
        )
        if not resp_p:
            raise SandlockError(_take_err_msg(err_msg) or f"supervise verb {verb!r} failed")
        try:
            raw = ctypes.string_at(resp_p)
            response = json.loads(raw.decode("utf-8"))
        finally:
            _free_string(ctypes.c_void_p(resp_p))
        if not response.get("ok"):
            # F19/SL-13: the refusal's stable code rides the same frame as its
            # prose, so a host can branch on "the generation is over" without
            # parsing the sentence. `code` is None only for a slot older than
            # the field; it is never guessed from the message.
>           raise SlotRefusal(
                response.get("err") or f"supervise verb {verb!r} refused",
                code=response.get("code"),
            )
E           sandlock.exceptions.SlotRefusal: instance exec failed: process error: instance is closed (shut down, or the init channel closed after the main-exit container end); no new work is accepted

/usr/local/lib/python3.14/site-packages/sandlock/supervise.py:249: SlotRefusal

During handling of the above exception, another exception occurred:

fixturedef = <FixtureDef argname='require_sandlock' scope='function' baseid='tests/security'>
request = <SubRequest 'require_sandlock' for <Function test_distinct_host_uids_isolate_same_path_files>>

    @pytest.hookimpl(wrapper=True)
    def pytest_fixture_setup(fixturedef: FixtureDef, request) -> object | None:
        if (
            fixturedef.argname == "event_loop_policy"
            and fixturedef.func.__module__ != __name__
        ):
            warnings.warn(
                PytestDeprecationWarning(_EVENT_LOOP_POLICY_FIXTURE_DEPRECATION_WARNING),
            )
        asyncio_mode = _get_asyncio_mode(request.config)
        if not _is_asyncio_fixture_function(fixturedef.func):
            if asyncio_mode == Mode.STRICT:
                # Ignore async fixtures without explicit asyncio mark in strict mode
                # This applies to pytest_trio fixtures, for example
                return (yield)
            if not _is_coroutine_or_asyncgen(fixturedef.func):
>               return (yield)
                        ^^^^^

/usr/local/lib/python3.14/site-packages/pytest_asyncio/plugin.py:926: 
_ _ _ _ _ _ _ _ _ _ _ _ _ _ _ _ _ _ _ _ _ _ _ _ _ _ _ _ _ _ _ _ _ _ _ _ _ _ _ _ 
/Users/polus/project/ai/sandlock-e2b/tests/security/conftest.py:151: in require_sandlock
    ???
/usr/local/lib/python3.14/asyncio/runners.py:205: in run
    return runner.run(main)
           ^^^^^^^^^^^^^^^^
/usr/local/lib/python3.14/asyncio/runners.py:128: in run
    return self._loop.run_until_complete(task)
           ^^^^^^^^^^^^^^^^^^^^^^^^^^^^^^^^^^^
/usr/local/lib/python3.14/asyncio/base_events.py:720: in run_until_complete
    return future.result()
           ^^^^^^^^^^^^^^^
/Users/polus/project/ai/sandlock-e2b/tests/security/conftest.py:272: in run_sh
    ???
envd_service/executors/sandlock.py:2854: in start
    proc = await _exec_once(inst)
           ^^^^^^^^^^^^^^^^^^^^^^
envd_service/executors/sandlock.py:2803: in _exec_once
    return await asyncio.to_thread(
/usr/local/lib/python3.14/asyncio/threads.py:26: in to_thread
    return await loop.run_in_executor(None, func_call)
           ^^^^^^^^^^^^^^^^^^^^^^^^^^^^^^^^^^^^^^^^^^^
/usr/local/lib/python3.14/concurrent/futures/thread.py:86: in run
    result = ctx.run(self.task)
             ^^^^^^^^^^^^^^^^^^
/usr/local/lib/python3.14/concurrent/futures/thread.py:73: in run
    return fn(*args, **kwargs)
           ^^^^^^^^^^^^^^^^^^^
envd_service/route_b.py:1567: in exec
    reply = self.request(
envd_service/route_b.py:1418: in request
    return ch.request(verb, args, fds=tuple(fds))
           ^^^^^^^^^^^^^^^^^^^^^^^^^^^^^^^^^^^^^^
_ _ _ _ _ _ _ _ _ _ _ _ _ _ _ _ _ _ _ _ _ _ _ _ _ _ _ _ _ _ _ _ _ _ _ _ _ _ _ _ 

self = <sandlock.supervise.SuperviseChannel object at 0x7f20c8fabc40>
verb = 'exec'
args = {'argv': ['/bin/sh', '-c', '/bin/echo ok'], 'cwd': '/home/user', 'clean_env': True}
fds = (151, 161, 164)

    def request(
        self,
        verb: str,
        args: Dict[str, Any] | None = None,
        fds: Sequence[int] = (),
    ) -> Any:
        """Issue one verb and return the response ``data`` (``ok:true``)."""
        if self._closed:
            raise SandlockError("SuperviseChannel is closed")
        payload = json.dumps({} if args is None else args).encode("utf-8")
        fd_array = None
        n_fds = len(fds)
        if n_fds:
            fd_array = (ctypes.c_int * n_fds)(*(int(fd) for fd in fds))
        err = ctypes.c_int(0)
        err_msg = ctypes.c_void_p()
        resp_p = _lib.sandlock_supervise_request(
            self._h,
            verb.encode("utf-8"),
            payload,
            fd_array,
            n_fds,
            ctypes.byref(err),
            ctypes.byref(err_msg),
        )
        if not resp_p:
            raise SandlockError(_take_err_msg(err_msg) or f"supervise verb {verb!r} failed")
        try:
            raw = ctypes.string_at(resp_p)
            response = json.loads(raw.decode("utf-8"))
        finally:
            _free_string(ctypes.c_void_p(resp_p))
        if not response.get("ok"):
            # F19/SL-13: the refusal's stable code rides the same frame as its
            # prose, so a host can branch on "the generation is over" without
            # parsing the sentence. `code` is None only for a slot older than
            # the field; it is never guessed from the message.
>           raise SlotRefusal(
                response.get("err") or f"supervise verb {verb!r} refused",
                code=response.get("code"),
            )
E           sandlock.exceptions.SlotRefusal: instance exec failed: process error: instance is closed (shut down, or the init channel closed after the main-exit container end); no new work is accepted

/usr/local/lib/python3.14/site-packages/sandlock/supervise.py:249: SlotRefusal
=================================== FAILURES ===================================
________ test_the_pure_shape_is_mediated_too_and_the_watch_stays_inside ________

    def test_the_pure_shape_is_mediated_too_and_the_watch_stays_inside():
        """N15's acceptance: the pure (no-rootfs) shape answers this the same way.
    
        This case used to be `xfail(strict=True)` -- "known residual: the pure
        (no-chroot) shape has no path mediation at all, so the watch still resolves
        against the host root" -- and it is the measurement the route was chosen
        from (`docs/pure-shape-decision.md` §5): with the *host root* as the
        mediator's root, virtual path == host path (identity translation), the
        existing handlers apply unchanged and the assertions below hold without a
        second gate written for this shape.
    
        Both halves matter: the host directory must be refused (that is the leak),
        and the sandbox's own workspace must still be watchable (that is why the
        answer is mediation rather than blocklisting `inotify_add_watch`).
        """
        host_only = Path(HOST_ONLY_DIR)
        host_only.mkdir(parents=True, exist_ok=True)
        executor, workspace = route_b_sandbox(None, None)
        try:
            require_mediation_capable(executor)
>           leaked = _drive(executor, workspace, HOST_ONLY_DIR, host_only / "HOST_FILE")
                     ^^^^^^^^^^^^^^^^^^^^^^^^^^^^^^^^^^^^^^^^^^^^^^^^^^^^^^^^^^^^^^^^^^^

tests/security/escape/test_path_surface_inotify.py:208: 
_ _ _ _ _ _ _ _ _ _ _ _ _ _ _ _ _ _ _ _ _ _ _ _ _ _ _ _ _ _ _ _ _ _ _ _ _ _ _ _ 
tests/security/escape/test_path_surface_inotify.py:146: in _drive
    code, out, err = asyncio.run(_run())
                     ^^^^^^^^^^^^^^^^^^^
/usr/local/lib/python3.14/asyncio/runners.py:205: in run
    return runner.run(main)
           ^^^^^^^^^^^^^^^^
/usr/local/lib/python3.14/asyncio/runners.py:128: in run
    return self._loop.run_until_complete(task)
           ^^^^^^^^^^^^^^^^^^^^^^^^^^^^^^^^^^^
/usr/local/lib/python3.14/asyncio/base_events.py:720: in run_until_complete
    return future.result()
           ^^^^^^^^^^^^^^^
tests/security/escape/test_path_surface_inotify.py:135: in _run
    code, out, err = task.result()
                     ^^^^^^^^^^^^^
/Users/polus/project/ai/sandlock-e2b/tests/security/conftest.py:272: in run_sh
    ???
envd_service/executors/sandlock.py:2813: in start
    proc = await _exec_once(inst)
           ^^^^^^^^^^^^^^^^^^^^^^
envd_service/executors/sandlock.py:2803: in _exec_once
    return await asyncio.to_thread(
/usr/local/lib/python3.14/asyncio/threads.py:26: in to_thread
    return await loop.run_in_executor(None, func_call)
           ^^^^^^^^^^^^^^^^^^^^^^^^^^^^^^^^^^^^^^^^^^^
/usr/local/lib/python3.14/concurrent/futures/thread.py:86: in run
    result = ctx.run(self.task)
             ^^^^^^^^^^^^^^^^^^
/usr/local/lib/python3.14/concurrent/futures/thread.py:73: in run
    return fn(*args, **kwargs)
           ^^^^^^^^^^^^^^^^^^^
envd_service/route_b.py:1567: in exec
    reply = self.request(
envd_service/route_b.py:1418: in request
    return ch.request(verb, args, fds=tuple(fds))
           ^^^^^^^^^^^^^^^^^^^^^^^^^^^^^^^^^^^^^^
_ _ _ _ _ _ _ _ _ _ _ _ _ _ _ _ _ _ _ _ _ _ _ _ _ _ _ _ _ _ _ _ _ _ _ _ _ _ _ _ 

self = <sandlock.supervise.SuperviseChannel object at 0x7f20ca6e5e50>
verb = 'exec'
args = {'argv': ['/bin/sh', '-c', '/usr/local/bin/python3 /workspace/probe.py'], 'cwd': '/home/user', 'clean_env': True}
fds = (17, 23, 25)

    def request(
        self,
        verb: str,
        args: Dict[str, Any] | None = None,
        fds: Sequence[int] = (),
    ) -> Any:
        """Issue one verb and return the response ``data`` (``ok:true``)."""
        if self._closed:
            raise SandlockError("SuperviseChannel is closed")
        payload = json.dumps({} if args is None else args).encode("utf-8")
        fd_array = None
        n_fds = len(fds)
        if n_fds:
            fd_array = (ctypes.c_int * n_fds)(*(int(fd) for fd in fds))
        err = ctypes.c_int(0)
        err_msg = ctypes.c_void_p()
        resp_p = _lib.sandlock_supervise_request(
            self._h,
            verb.encode("utf-8"),
            payload,
            fd_array,
            n_fds,
            ctypes.byref(err),
            ctypes.byref(err_msg),
        )
        if not resp_p:
            raise SandlockError(_take_err_msg(err_msg) or f"supervise verb {verb!r} failed")
        try:
            raw = ctypes.string_at(resp_p)
            response = json.loads(raw.decode("utf-8"))
        finally:
            _free_string(ctypes.c_void_p(resp_p))
        if not response.get("ok"):
            # F19/SL-13: the refusal's stable code rides the same frame as its
            # prose, so a host can branch on "the generation is over" without
            # parsing the sentence. `code` is None only for a slot older than
            # the field; it is never guessed from the message.
>           raise SlotRefusal(
                response.get("err") or f"supervise verb {verb!r} refused",
                code=response.get("code"),
            )
E           sandlock.exceptions.SlotRefusal: instance exec failed: process error: io error: Broken pipe (os error 32)

/usr/local/lib/python3.14/site-packages/sandlock/supervise.py:249: SlotRefusal
------------------------------ Captured log call -------------------------------
WARNING  envd_service.executors.sandlock:sandlock.py:2827 sandlock exec failed sandbox_id=sbx_slot_2 instance_name=sbx_slot_2 argv=['/bin/sh', '-c', '/usr/local/bin/python3 /workspace/probe.py'] error_type=SlotRefusal error=instance exec failed: process error: io error: Broken pipe (os error 32)
WARNING  envd_service.executors.sandlock:sandlock.py:1136 sandlock exec failure context sandbox_id=sbx_slot_2 exit_code=None argv=['/bin/sh', '-c', '/usr/local/bin/python3 /workspace/probe.py'] cwd=/home/user env={} chroot=None rootfs_tools=None dynamic_linker=None ca_bundle=False
=============================== warnings summary ===============================
tests/security/test_fork_network_features.py: 9 warnings
tests/security/test_network_enforcement.py: 2 warnings
tests/security/test_process_limits.py: 5 warnings
tests/security/test_quota_admission.py: 306 warnings
tests/security/test_sandlock_isolation.py: 4 warnings
tests/security/test_template_isolation.py: 5 warnings
tests/security/test_uid_isolation.py: 5 warnings
tests/security/test_worker_nonroot.py: 112 warnings
  /usr/local/lib/python3.14/asyncio/threads.py:26: DeprecationWarning: 'asyncio.iscoroutinefunction' is deprecated and slated for removal in Python 3.16; use inspect.iscoroutinefunction() instead
    return await loop.run_in_executor(None, func_call)

-- Docs: https://docs.pytest.org/en/stable/how-to/capture-warnings.html
=========================== short test summary info ============================
SKIPPED [1] tests/security/test_template_isolation.py:169: the unprivileged worker shape both production manifests ship
ERROR tests/security/escape/test_network_deny_bypass.py::test_loopback_spellings_cannot_reach_a_worker_local_listener
ERROR tests/security/test_chroot_exec_shebang.py::test_elf_binary_copied_into_the_workspace_runs
ERROR tests/security/test_chroot_exec_shebang.py::test_shebang_script_written_into_the_workspace_runs
ERROR tests/security/test_chroot_exec_shebang.py::test_script_whose_interpreter_was_written_in_the_same_command_runs
ERROR tests/security/test_chroot_exec_shebang.py::test_a_format_handler_resolves_its_interpreter_inside_the_sandbox
ERROR tests/security/test_chroot_exec_shebang.py::test_the_workload_cannot_mount
ERROR tests/security/test_chroot_exec_shebang.py::test_static_binary_in_the_workspace_runs
ERROR tests/security/test_egress_proxy.py::test_egress_proxy_tunnels_tcp_after_filter
ERROR tests/security/test_egress_proxy.py::test_egress_proxy_deny_out_blocks
ERROR tests/security/test_egress_proxy.py::test_egress_proxy_wildcard_uses_atyp_domain
ERROR tests/security/test_fork_network_features.py::test_wildcard_allowout_unprivileged_dns_gateway
ERROR tests/security/test_fork_network_features.py::test_header_inject_and_host_mask_on_the_wire
ERROR tests/security/test_fork_network_features.py::test_sandbox_child_runs_unprivileged
ERROR tests/security/test_fork_network_features.py::test_https_mitm_ca_spliced_in_image_rootfs
ERROR tests/security/test_fork_network_features.py::test_sdk_iam_token_injected_as_jwt
ERROR tests/security/test_network_enforcement.py::test_network_update_live_instance_is_monotone_narrowing
ERROR tests/security/test_network_enforcement.py::test_rejected_rewiden_leaves_worker_runtime_copy_narrowed
ERROR tests/security/test_network_enforcement.py::test_header_inject_and_host_mask_accepted_end_to_end
ERROR tests/security/test_process_limits.py::test_max_processes_limits_forks
ERROR tests/security/test_real_root_denials.py::test_denied_paths_answer_the_same_in_both_root_shapes
ERROR tests/security/test_real_root_mounts.py::test_creating_and_destroying_sandboxes_leaves_no_mounts_behind
ERROR tests/security/test_sandlock_isolation.py::test_read_etc_passwd_denied
ERROR tests/security/test_sandlock_isolation.py::test_write_outside_workspace_denied
ERROR tests/security/test_sandlock_isolation.py::test_sys_and_proc_kcore_denied
ERROR tests/security/test_sandlock_isolation.py::test_default_network_denied
ERROR tests/security/test_sandlock_isolation.py::test_install_to_system_path_denied
ERROR tests/security/test_sandlock_isolation.py::test_user_cli_install_within_workspace_persists
ERROR tests/security/test_sandlock_isolation.py::test_dev_shm_absent_but_dev_null_writable
ERROR tests/security/test_template_isolation.py::test_image_rootfs_execution
ERROR tests/security/test_template_isolation.py::test_image_rootfs_cannot_reach_host_filesystem
ERROR tests/security/test_template_isolation.py::test_in_process_chroot_is_refused_without_a_slot
ERROR tests/security/test_uid_isolation.py::test_distinct_host_uids_isolate_same_path_files
FAILED tests/security/escape/test_path_surface_inotify.py::test_the_pure_shape_is_mediated_too_and_the_watch_stays_inside
1 failed, 14 passed, 1 skipped, 448 warnings, 32 errors in 96.79s (0:01:36)
